0,0,-50.99362804,4441.790459,2554.872458,0
-0.099100963,-8.01E-07,-50.99361552,4441.252581,2555.534479,6.13E-07
-0.198909711,6.07E-07,-50.9936154,4440.710931,2556.201143,2.46E-06
-0.299429105,-7.29E-07,-50.99360929,4440.165491,2556.872469,5.54E-06
-0.40066201,1.22E-06,-50.99360516,4439.616248,2557.548476,9.87E-06
-0.502611292,-1.12E-06,-50.99360272,4439.063185,2558.229183,1.55E-05
-0.605279818,5.65E-07,-50.99360104,4438.506288,2558.914608,2.23E-05
-0.708670455,-4.33E-07,-50.99359966,4437.945541,2559.604771,3.04E-05
-0.81278607,2.66E-07,-50.99359913,4437.380929,2560.299689,3.98E-05
-0.917629531,8.93E-08,-50.99359922,4436.812437,2560.999383,5.04E-05
-1.023203705,-1.04E-07,-50.99360148,4436.240049,2561.70387,6.23E-05
-1.129511463,8.34E-07,-50.99360348,4435.66375,2562.41317,7.54E-05
-1.23655567,-3.81E-07,-50.99360639,4435.083526,2563.127301,8.98E-05
-1.344339197,1.20E-06,-50.99361053,4434.499359,2563.846283,0.000105491
-1.45286491,-3.15E-07,-50.99361471,4433.911236,2564.570134,0.0001224
-1.562135678,1.29E-06,-50.99362077,4433.319141,2565.298872,0.000140551
-1.672154368,-3.08E-07,-50.99362682,4432.723059,2566.032518,0.000159936
-1.782923847,1.86E-06,-50.99363544,4432.122975,2566.771088,0.000180547
-1.894446983,-1.74E-07,-50.99364136,4431.518872,2567.514604,0.000202373
-2.006726639,2.16E-06,-50.99365376,4430.910737,2568.263082,0.000225402
-2.119765683,-4.13E-08,-50.99365962,4430.298553,2569.016543,0.000249624
-2.233566978,1.88E-06,-50.99367206,4429.682306,2569.775004,0.000275023
-2.348133388,-1.39E-07,-50.9936845,4429.06198,2570.538485,0.000301586
-2.463467775,2.60E-06,-50.99369682,4428.437561,2571.307004,0.000329296
-2.579573,-7.65E-08,-50.99370915,4427.809032,2572.08058,0.000358136
-2.696451923,3.19E-06,-50.99372683,4427.176378,2572.859232,0.000388089
-2.814107403,-6.64E-07,-50.99373889,4426.539585,2573.642979,0.000419135
-2.932542298,3.60E-06,-50.99375637,4425.898637,2574.43184,0.000451255
-3.051759462,-9.14E-07,-50.99377381,4425.253518,2575.225832,0.000484426
-3.171761751,4.42E-06,-50.99379102,4424.604215,2576.024975,0.000518627
-3.292552016,-6.80E-07,-50.99380829,4423.95071,2576.829288,0.000553835
-3.414133108,3.24E-06,-50.99382583,4423.29299,2577.638789,0.000590026
-3.536507875,5.07E-08,-50.99385123,4422.631039,2578.453498,0.000627174
-3.659679164,2.25E-06,-50.99386885,4421.964842,2579.273431,0.000665254
-3.783649819,7.81E-07,-50.99389438,4421.294384,2580.098609,0.000704238
-3.908422682,1.64E-06,-50.99391219,4420.619649,2580.92905,0.0007441
-4.034000593,1.38E-06,-50.99393033,4419.940622,2581.764773,0.000784811
-4.160386389,1.61E-06,-50.99395507,4419.257289,2582.605795,0.000826342
-4.287582904,1.40E-06,-50.99398063,4418.569634,2583.452136,0.000868662
-4.415592972,1.27E-06,-50.9940075,4417.877641,2584.303815,0.000911741
-4.54441942,1.51E-06,-50.99403508,4417.181297,2585.160849,0.000955547
-4.674065075,1.15E-06,-50.99406362,4416.480585,2586.023258,0.001000049
-4.804532761,7.44E-07,-50.99409322,4415.775492,2586.891059,0.001045214
-4.935825297,4.73E-07,-50.99412381,4415.066001,2587.764272,0.001091009
-5.067945501,4.36E-07,-50.99415529,4414.352097,2588.642914,0.0011374
-5.200896187,-3.91E-07,-50.9942074,4413.633766,2589.527005,0.001184352
-5.334680165,1.03E-06,-50.99423293,4412.910993,2590.416562,0.001231832
-5.469300241,-1.75E-06,-50.99426934,4412.183762,2591.311604,0.001279803
-5.604759219,4.21E-07,-50.99430579,4411.452059,2592.212149,0.00132823
-5.741059898,-2.83E-06,-50.99434217,4410.715869,2593.118217,0.001377078
-5.878205075,-1.81E-06,-50.9943667,4409.975176,2594.029824,0.00142631
-6.01619754,-2.04E-06,-50.99440392,4409.229967,2594.94699,0.00147589
-6.155040082,-2.77E-06,-50.99444587,4408.480225,2595.869732,0.00152578
-6.294735484,-3.22E-06,-50.99448708,4407.725937,2596.798069,0.001575945
-6.435286526,-4.12E-06,-50.99452918,4406.967087,2597.732019,0.001626347
-6.576695983,-5.08E-06,-50.99457233,4406.20366,2598.671601,0.001676949
-6.718966624,-5.67E-06,-50.9946166,4405.435643,2599.616831,0.001727713
-6.862101218,-6.69E-06,-50.99466207,4404.663019,2600.56773,0.001778603
-7.006102524,-7.74E-06,-50.9947089,4403.885775,2601.524314,0.001829581
-7.150973299,-8.73E-06,-50.99475662,4403.103895,2602.486602,0.00188061
-7.296716296,-9.99E-06,-50.99480565,4402.317365,2603.454612,0.001931652
-7.443334261,-1.11E-05,-50.99485539,4401.526171,2604.428362,0.001982672
-7.590829936,-1.24E-05,-50.99490654,4400.730298,2605.40787,0.002033631
-7.739206058,-1.38E-05,-50.99495864,4399.92973,2606.393154,0.002084493
-7.888465358,-1.51E-05,-50.99501228,4399.124455,2607.384231,0.002135222
-8.038610562,-1.68E-05,-50.99506691,4398.314456,2608.38112,0.002185782
-8.18964439,-1.83E-05,-50.99512237,4397.499721,2609.383839,0.002236136
-8.341569558,-2.00E-05,-50.99517884,4396.680234,2610.392406,0.002286249
-8.494388775,-2.19E-05,-50.99523686,4395.85598,2611.406838,0.002336087
-8.648104744,-2.38E-05,-50.99529595,4395.026947,2612.427152,0.002385613
-8.802720163,-2.58E-05,-50.9953563,4394.193118,2613.453368,0.002434794
-8.958237724,-2.80E-05,-50.99541687,4393.354481,2614.485502,0.002483596
-9.114660112,-3.03E-05,-50.99547904,4392.511021,2615.523573,0.002531986
-9.271990007,-3.26E-05,-50.9955427,4391.662723,2616.567598,0.002579931
-9.430230081,-3.46E-05,-50.99560728,4390.809573,2617.617594,0.002627398
-9.589383002,-3.73E-05,-50.99567216,4389.951558,2618.673579,0.002674356
-9.749451429,-4.02E-05,-50.99573894,4389.088664,2619.735571,0.002720774
-9.910438017,-4.26E-05,-50.99580616,4388.220875,2620.803587,0.002766622
-10.07234541,-4.53E-05,-50.99587448,4387.348179,2621.877644,0.00281187
-10.23517625,-4.82E-05,-50.995944,4386.470561,2622.957761,0.002856489
-10.39893318,-5.11E-05,-50.99601461,4385.588007,2624.043954,0.00290045
-10.56361881,-5.45E-05,-50.99608593,4384.700504,2625.13624,0.002943727
-10.72923576,-5.78E-05,-50.99615809,4383.808038,2626.234638,0.002986293
-10.89578666,-6.08E-05,-50.99623147,4382.910595,2627.339164,0.003028122
-11.0632741,-6.43E-05,-50.99630563,4382.00816,2628.449835,0.00306919
-11.23170067,-6.81E-05,-50.9963806,4381.100722,2629.566669,0.003109471
-11.40106898,-7.15E-05,-50.99645678,4380.188265,2630.689683,0.003148944
-11.5713816,-7.53E-05,-50.9965333,4379.270776,2631.818894,0.003187586
-11.74264111,-7.94E-05,-50.99661113,4378.348241,2632.954318,0.003225376
-11.91485008,-8.33E-05,-50.99668928,4377.420648,2634.095973,0.003262293
-12.08801105,-8.73E-05,-50.99676868,4376.487983,2635.243876,0.003298319
-12.26212659,-9.19E-05,-50.99684868,4375.550231,2636.398043,0.003333435
-12.43719924,-9.64E-05,-50.99692931,4374.607381,2637.558491,0.003367624
-12.61323154,-0.000100508,-50.99701039,4373.659417,2638.725238,0.003400869
-12.790226,-0.000105098,-50.99709244,4372.706328,2639.8983,0.003433157
-12.96818515,-0.000109728,-50.9971753,4371.748099,2641.077693,0.003464473
-13.1471115,-0.000114763,-50.9972588,4370.784718,2642.263433,0.003494803
-13.32700755,-0.000119516,-50.99734289,4369.816172,2643.455539,0.003524137
-13.50787579,-0.000124519,-50.99742718,4368.842447,2644.654025,0.003552463
-13.68971871,-0.000129672,-50.99751257,4367.863529,2645.858909,0.003579772
-13.87253879,-0.000135211,-50.99759855,4366.879407,2647.070207,0.003606056
-14.05633848,-0.000140244,-50.99768469,4365.890067,2648.287935,0.003631306
-14.24112025,-0.000146039,-50.99777179,4364.895496,2649.512109,0.003655518
-14.42688655,-0.000151385,-50.99785906,4363.895682,2650.742746,0.003678685
-14.61363981,-0.00015703,-50.9979469,4362.89061,2651.979862,0.003700804
-14.80138247,-0.000162711,-50.99803522,4361.88027,2653.223472,0.003721872
-14.99011695,-0.0001685,-50.99812428,4360.864647,2654.473593,0.003741888
-15.17984566,-0.000174584,-50.99821351,4359.843729,2655.73024,0.00376085
-15.370571,-0.000180751,-50.99830332,4358.817503,2656.99343,0.00377876
-15.56229537,-0.000186779,-50.99839336,4357.785957,2658.263179,0.003795619
-15.75502115,-0.00019324,-50.99848376,4356.749078,2659.539501,0.00381143
-15.94875071,-0.000199562,-50.99857469,4355.706854,2660.822413,0.003826196
-16.14348641,-0.0002057,-50.99866601,4354.659272,2662.11193,0.003839924
-16.33923062,-0.000212372,-50.99875789,4353.606319,2663.408068,0.003852619
-16.53598567,-0.000218976,-50.99884967,4352.547984,2664.710842,0.003864288
-16.7337539,-0.000225614,-50.99894207,4351.484253,2666.020268,0.00387494
-16.93253763,-0.000232145,-50.99903477,4350.415116,2667.336361,0.003884584
-17.13233918,-0.000239254,-50.9991283,4349.340558,2668.659136,0.00389323
-17.33316085,-0.000245817,-50.99922142,4348.260569,2669.988609,0.003900891
-17.53500493,-0.000252841,-50.99931479,4347.175136,2671.324794,0.003907578
-17.73787371,-0.000259877,-50.99940898,4346.084246,2672.667706,0.003913305
-17.94176946,-0.000266889,-50.99950326,4344.987889,2674.017362,0.003918086
-18.14669444,-0.000274119,-50.99959788,4343.886051,2675.373774,0.003921937
-18.3526509,-0.000281462,-50.9996927,4342.778721,2676.736959,0.003924875
-18.55964108,-0.000288341,-50.99978763,4341.665887,2678.10693,0.003926916
-18.76766722,-0.000295484,-50.99988304,4340.547538,2679.483704,0.00392808
-18.97673153,-0.000302825,-50.99997843,4339.423661,2680.867293,0.003928385
-19.18683621,-0.000310108,-51.00007446,4338.294244,2682.257713,0.00392785
-19.39798348,-0.000317505,-51.00017096,4337.159277,2683.654979,0.003926498
-19.61017551,-0.000324874,-51.00026749,4336.018747,2685.059104,0.00392435
-19.82341447,-0.000332413,-51.00036449,4334.872643,2686.470103,0.003921428
-20.03770254,-0.000339695,-51.00046148,4333.720953,2687.88799,0.003917755
-20.25304186,-0.000347004,-51.00055874,4332.563666,2689.312779,0.003913356
-20.46943458,-0.000354568,-51.00065667,4331.40077,2690.744484,0.003908256
-20.68688283,-0.000361961,-51.00075458,4330.232255,2692.18312,0.003902478
-20.90538872,-0.000369391,-51.00085289,4329.058108,2693.628699,0.003896051
-21.12495436,-0.000376721,-51.00095116,4327.878319,2695.081237,0.003889
-21.34558185,-0.000384057,-51.00105023,4326.692876,2696.540747,0.003881352
-21.56727327,-0.000391703,-51.00114967,4325.501768,2698.007241,0.003873136
-21.79003069,-0.000399141,-51.00124941,4324.304985,2699.480735,0.003864379
-22.01385618,-0.000406559,-51.00134947,4323.102515,2700.961241,0.003855111
-22.23875178,-0.000413432,-51.00144957,4321.894347,2702.448773,0.003845361
-22.46471953,-0.000420743,-51.0015501,4320.68047,2703.943345,0.003835159
-22.69176146,-0.000428081,-51.00165168,4319.460874,2705.444968,0.003824534
-22.91987957,-0.000435085,-51.00175312,4318.235548,2706.953658,0.003813517
-23.14907588,-0.000442116,-51.00185488,4317.004481,2708.469426,0.00380214
-23.37935236,-0.000449253,-51.00195741,4315.767662,2709.992286,0.003790433
-23.610711,-0.000456176,-51.00206027,4314.525081,2711.522251,0.003778426
-23.84315376,-0.000463244,-51.00216335,4313.276727,2713.059333,0.003766153
-24.07668259,-0.000469889,-51.00226684,4312.02259,2714.603545,0.003753645
-24.31129944,-0.000476563,-51.00237104,4310.76266,2716.154901,0.003740933
-24.54700622,-0.000483378,-51.00247568,4309.496926,2717.713412,0.00372805
-24.78380487,-0.000489656,-51.00258114,4308.225377,2719.279092,0.003715027
-25.02169727,-0.000496508,-51.00268691,4306.948004,2720.851951,0.003701896
-25.26068533,-0.000502676,-51.00279365,4305.664797,2722.432004,0.003688691
-25.50077092,-0.000508884,-51.0029006,4304.375745,2724.019262,0.003675442
-25.7419559,-0.000514676,-51.00300777,4303.080838,2725.613738,0.003662181
-25.98424213,-0.000520936,-51.0031163,4301.780067,2727.215443,0.003648941
-26.22763146,-0.000526352,-51.00322466,4300.473421,2728.824389,0.003635752
-26.4721257,-0.000532221,-51.0033345,4299.160891,2730.440589,0.003622648
-26.71772667,-0.000537529,-51.0034443,4297.842467,2732.064054,0.003609657
-26.96443618,-0.000542991,-51.00355522,4296.518139,2733.694796,0.003596813
-27.21225602,-0.000548097,-51.00366683,4295.187897,2735.332827,0.003584145
-27.46118795,-0.000553037,-51.00377926,4293.851733,2736.978158,0.003571684
-27.71123376,-0.000557929,-51.00389239,4292.509636,2738.6308,0.003559459
-27.96239519,-0.000562498,-51.00400645,4291.161597,2740.290766,0.003547501
-28.21467397,-0.000567231,-51.00412117,4289.807607,2741.958067,0.003535838
-28.46807183,-0.00057116,-51.00423674,4288.447656,2743.632713,0.0035245
-28.72259049,-0.000575407,-51.00435341,4287.081735,2745.314716,0.003513514
-28.97823165,-0.000579145,-51.00447084,4285.709836,2747.004087,0.003502909
-29.23499699,-0.000582909,-51.00458896,4284.331948,2748.700837,0.003492711
-29.49288818,-0.000586443,-51.0047083,4282.948063,2750.404977,0.003482947
-29.75190688,-0.000589712,-51.00482887,4281.558172,2752.116518,0.003473643
-30.01205475,-0.000592663,-51.00494979,4280.162266,2753.83547,0.003464825
-30.27333342,-0.000595157,-51.00507193,4278.760336,2755.561844,0.003456517
-30.5357445,-0.000597678,-51.00519528,4277.352374,2757.29565,0.003448744
-30.79928961,-0.000600084,-51.00532019,4275.93837,2759.036899,0.003441528
-31.06397034,-0.000602077,-51.0054452,4274.518317,2760.785602,0.003434892
-31.32978827,-0.000603822,-51.00557231,4273.092205,2762.541769,0.003428858
-31.59674497,-0.000604926,-51.00568082,4271.660026,2764.305409,0.003423447
-31.86484199,-0.000605802,-51.00578933,4270.221771,2766.076533,0.00341868
-32.13408088,-0.000607147,-51.00594436,4268.777433,2767.855151,0.003414574
-32.40446316,-0.000607615,-51.00609056,4267.327003,2769.641273,0.003411148
-32.67599035,-0.000607917,-51.00619909,4265.870473,2771.434908,0.003408415
-32.94866394,-0.0006083,-51.00635787,4264.407834,2773.236067,0.003406387
-33.22248543,-0.000607904,-51.00646639,4262.939078,2775.044759,0.003405074
-33.49745629,-0.000607174,-51.00662143,4261.464198,2776.860993,0.003404483
-33.77357797,-0.000606202,-51.00676825,4259.983186,2778.684778,0.003404621
-34.05085193,-0.00060474,-51.00690885,4258.496032,2780.516125,0.003405492
-34.32927959,-0.000603077,-51.00704958,4257.00273,2782.355043,0.003407099
-34.60886238,-0.000601223,-51.007192,4255.503272,2784.201539,0.003409443
-34.8896017,-0.000598882,-51.00733614,4253.99765,2786.055624,0.003412525
-35.17149893,-0.000596193,-51.00748195,4252.485856,2787.917307,0.003416346
-35.45455547,-0.000593412,-51.00762956,4250.967883,2789.786595,0.003420904
-35.73877266,-0.000589817,-51.00777829,4249.443723,2791.663499,0.003426195
-36.02415187,-0.000586214,-51.00792914,4247.913368,2793.548026,0.003432216
-36.31069443,-0.000581958,-51.00808095,4246.376812,2795.440185,0.003438961
-36.59840167,-0.000577468,-51.00823469,4244.834046,2797.339984,0.003446425
-36.88727488,-0.00057281,-51.00839033,4243.285064,2799.247433,0.003454602
-37.17731538,-0.000567454,-51.00854766,4241.729858,2801.162538,0.003463483
-37.46852443,-0.000561728,-51.0087069,4240.168421,2803.085309,0.00347306
-37.76090332,-0.000555785,-51.00886779,4238.600746,2805.015752,0.003483323
-38.05445328,-0.000549113,-51.0090301,4237.026826,2806.953877,0.003494265
-38.34917558,-0.000542264,-51.00919473,4235.446654,2808.899691,0.003505873
-38.64507143,-0.000535138,-51.00936127,4233.860223,2810.853202,0.003518132
-38.94214205,-0.000527115,-51.00952944,4232.267527,2812.814417,0.003531031
-39.24038863,-0.000519164,-51.0096993,4230.668557,2814.783345,0.003544559
-39.53981237,-0.000510246,-51.00987163,4229.063309,2816.759991,0.003558707
-39.84041443,-0.000501404,-51.01004555,4227.451774,2818.744365,0.003573459
-40.14219599,-0.000491706,-51.01022165,4225.833947,2820.736473,0.003588803
-40.44515818,-0.000481898,-51.01039989,4224.209821,2822.736323,0.003604724
-40.74930213,-0.000471251,-51.01057954,4222.579389,2824.743921,0.003621208
-41.05462897,-0.000460437,-51.01076147,4220.942646,2826.759274,0.003638239
-41.36113979,-0.000448909,-51.01094545,4219.299584,2828.782391,0.003655806
-41.6688357,-0.000437177,-51.01113153,4217.650199,2830.813276,0.003673894
-41.97771777,-0.00042486,-51.01131961,4215.994483,2832.851938,0.003692484
-42.28778706,-0.00041184,-51.01150997,4214.33243,2834.898382,0.003711564
-42.59904462,-0.000398618,-51.01170259,4212.664035,2836.952616,0.003731121
-42.9114915,-0.00038486,-51.01189647,4210.989292,2839.014646,0.003751143
-43.22512871,-0.000370368,-51.01209333,4209.308194,2841.084478,0.003771611
-43.53995727,-0.000355502,-51.01229159,4207.620737,2843.162119,0.003792514
-43.85597818,-0.000340713,-51.0124934,4205.926913,2845.247575,0.003813838
-44.17319241,-0.000324305,-51.01269504,4204.226719,2847.340851,0.00383557
-44.49160094,-0.000307994,-51.01290027,4202.520147,2849.441955,0.003857693
-44.81120473,-0.000291336,-51.0131073,4200.807194,2851.550893,0.003880197
-45.13200471,-0.000273505,-51.01331588,4199.087853,2853.667669,0.003903072
-45.45400183,-0.000256063,-51.01352688,4197.362119,2855.79229,0.003926306
-45.77719699,-0.000237317,-51.01374022,4195.629987,2857.924762,0.003949883
-46.10159111,-0.000218293,-51.01395552,4193.891451,2860.065091,0.003973795
-46.42718507,-0.000198654,-51.01417293,4192.146508,2862.213281,0.003998026
-46.75397974,-0.00017853,-51.01439189,4190.395151,2864.369339,0.004022566
-47.081976,-0.000157657,-51.01461282,4188.637376,2866.53327,0.004047403
-47.4111747,-0.000136486,-51.01483638,4186.873178,2868.70508,0.004072531
-47.74157667,-0.000114456,-51.01506112,4185.102553,2870.884773,0.004097946
-48.07318273,-9.22E-05,-51.01528793,4183.325495,2873.072355,0.004123633
-48.40599371,-6.90E-05,-51.01551673,4181.542001,2875.267832,0.004149584
-48.7400104,-4.55E-05,-51.01574706,4179.752066,2877.471208,0.004175796
-49.07523358,-2.14E-05,-51.01597948,4177.955684,2879.682487,0.004202261
-49.41166403,3.18E-06,-51.01621473,4176.152853,2881.901677,0.004228978
-49.74930251,2.79E-05,-51.01644925,4174.343568,2884.12878,0.004255935
-50.08814977,5.38E-05,-51.01668665,4172.527825,2886.363802,0.004283128
-50.42820654,8.03E-05,-51.01692556,4170.70562,2888.606748,0.004310556
-50.76947354,0.000107795,-51.0171664,4168.876948,2890.857622,0.004338214
-51.11195149,0.000135023,-51.01740825,4167.041807,2893.116429,0.004366097
-51.45564107,0.000163371,-51.0176514,4165.200192,2895.383173,0.004394199
-51.80054297,0.000192182,-51.0178961,4163.352099,2897.65786,0.004422518
-52.14665787,0.00022174,-51.01814235,4161.497525,2899.940492,0.004451051
-52.49398642,0.000251874,-51.01838932,4159.636467,2902.231076,0.004479799
-52.84252927,0.00028301,-51.01863783,4157.768921,2904.529614,0.004508764
-53.19228704,0.0003142,-51.01888724,4155.894883,2906.836111,0.004537948
-53.54326037,0.000345973,-51.01913722,4154.014351,2909.150572,0.004567356
-53.89544986,0.000378376,-51.01938864,4152.127321,2911.472999,0.00459699
-54.24885611,0.000411735,-51.01964048,4150.23379,2913.803398,0.00462685
-54.60347969,0.000445639,-51.01989345,4148.333755,2916.141773,0.004656936
-54.95932119,0.000480264,-51.0201471,4146.427214,2918.488126,0.004687247
-55.31638116,0.000515289,-51.02040107,4144.514163,2920.842462,0.004717782
-55.67466014,0.000550885,-51.02065561,4142.5946,2923.204785,0.004748541
-56.03415868,0.000587168,-51.02091017,4140.668522,2925.575098,0.004779529
-56.39487729,0.00062393,-51.02116522,4138.735926,2927.953405,0.004810749
-56.75681648,0.000661958,-51.02142059,4136.79681,2930.339709,0.004842206
-57.11997676,0.000700199,-51.02167588,4134.851172,2932.734014,0.004873901
-57.48435861,0.000739078,-51.02193112,4132.899009,2935.136324,0.004905838
-57.8499625,0.000778576,-51.02218621,4130.940319,2937.546641,0.004938021
-58.2167889,0.000818703,-51.02244106,4128.975099,2939.96497,0.004970451
-58.58483825,0.000859466,-51.02269555,4127.003349,2942.391312,0.005003131
-58.954111,0.000900752,-51.02294914,4125.025065,2944.825672,0.005036065
-59.32460758,0.000942907,-51.02320267,4123.040246,2947.268052,0.005069257
-59.69632839,0.000985461,-51.02345527,4121.048891,2949.718456,0.00510271
-60.06927385,0.001028633,-51.02370739,4119.050996,2952.176887,0.005136432
-60.44344434,0.001072689,-51.02395809,4117.046561,2954.643347,0.005170429
-60.81884025,0.001117389,-51.0242079,4115.035584,2957.117839,0.005204705
-61.19546193,0.001162578,-51.02445648,4113.018064,2959.600367,0.005239261
-61.57330976,0.001208494,-51.02470371,4110.993999,2962.090932,0.005274098
-61.95238408,0.001255006,-51.02494965,4108.963387,2964.589538,0.005309217
-62.33268522,0.001302389,-51.02519415,4106.926228,2967.096187,0.005344619
-62.7142135,0.001350125,-51.02543677,4104.88252,2969.610882,0.005380308
-63.09696924,0.001398369,-51.02567739,4102.832262,2972.133625,0.005416284
-63.48095274,0.001447446,-51.02591609,4100.775453,2974.664418,0.00545255
-63.86616428,0.001497357,-51.02615255,4098.712092,2977.203265,0.005489108
-64.25260414,0.001547492,-51.02638712,4096.642179,2979.750167,0.00552596
-64.6402726,0.001598479,-51.02661923,4094.565712,2982.305126,0.005563105
-65.0291699,0.001649883,-51.02684858,4092.48269,2984.868146,0.005600545
-65.4192963,0.001702122,-51.0270755,4090.393113,2987.439227,0.005638279
-65.81065202,0.001755068,-51.0272997,4088.296981,2990.018371,0.005676305
-66.20323729,0.001808408,-51.0275209,4086.194292,2992.605582,0.005714621
-66.59705232,0.001862253,-51.02773893,4084.085046,2995.200861,0.005753223
-66.99209731,0.00191696,-51.02795423,4081.969243,2997.804209,0.005792107
-67.38837245,0.001972364,-51.02816555,4079.846883,3000.415629,0.005831267
-67.78587793,0.002028317,-51.02837386,4077.717964,3003.035122,0.0058707
-68.1846139,0.002084737,-51.02857845,4075.582488,3005.662689,0.005910398
-68.58458053,0.002141767,-51.02877918,4073.440453,3008.298333,0.005950357
-68.98577797,0.002199251,-51.02897588,4071.29186,3010.942055,0.005990573
-69.38820635,0.002257546,-51.02916903,4069.136708,3013.593857,0.006031036
-69.7918658,0.00231641,-51.02935776,4066.974998,3016.253739,0.006071736
-70.19675643,0.002375742,-51.02954228,4064.80673,3018.921704,0.006112668
-70.60287835,0.00243563,-51.02972191,4062.631903,3021.597751,0.006153822
-71.01023166,0.002496298,-51.02989751,4060.450518,3024.281884,0.006195186
-71.41881643,0.002557155,-51.03006818,4058.262576,3026.974102,0.00623675
-71.82863275,0.002618845,-51.03023403,4056.068075,3029.674406,0.006278504
-72.23968067,0.002681314,-51.03039513,4053.867018,3032.382799,0.006320434
-72.65196026,0.002744272,-51.0305512,4051.659403,3035.09928,0.006362532
-73.06547155,0.002807403,-51.03070171,4049.445232,3037.82385,0.006404781
-73.48021458,0.002871393,-51.03084707,4047.224505,3040.556511,0.006447166
-73.89618938,0.002935593,-51.03098675,4044.997223,3043.297263,0.006489672
-74.31339595,0.003000754,-51.03112131,4042.763385,3046.046106,0.006532286
-74.7318343,0.003066093,-51.03124949,4040.522993,3048.803041,0.006574988
-75.15150442,0.003132317,-51.03137264,4038.276048,3051.568069,0.006617767
-75.5724063,0.003198675,-51.03148934,4036.02255,3054.341189,0.006660607
-75.99453991,0.003265825,-51.03160013,4033.762499,3057.122403,0.006703488
-76.41790522,0.003333192,-51.03170467,4031.495897,3059.911711,0.006746389
-76.84250219,0.003401269,-51.031803,4029.222745,3062.709112,0.006789291
-77.26833075,0.003469655,-51.03189464,4026.943042,3065.514607,0.006832169
-77.69539084,0.003538697,-51.03198029,4024.656791,3068.328197,0.006875005
-78.12368241,0.003608159,-51.03205949,4022.363992,3071.14988,0.006917778
-78.55320537,0.003678076,-51.0321314,4020.064646,3073.979656,0.006960459
-78.98395966,0.00374862,-51.03219682,4017.758754,3076.817527,0.007003029
-79.41594519,0.003819083,-51.03225526,4015.446317,3079.66349,0.007045457
-79.84916187,0.003890616,-51.03230684,4013.127336,3082.517547,0.007087719
-80.2836096,0.00396222,-51.03235147,4010.801813,3085.379697,0.007129794
-80.71928828,0.004034152,-51.03238897,4008.469748,3088.249938,0.007171647
-81.1561978,0.004106677,-51.03241924,4006.131142,3091.128271,0.007213249
-81.59433803,0.004179681,-51.03244273,4003.785998,3094.014695,0.007254578
-82.03370885,0.004253157,-51.032458,4001.434315,3096.90921,0.007295608
-82.47431012,0.004326749,-51.03246623,3999.076096,3099.811814,0.007336308
-82.91614171,0.004400732,-51.03246718,3996.711341,3102.722507,0.007376638
-83.35920347,0.004475231,-51.03246049,3994.340053,3105.641287,0.007416567
-83.80349524,0.004550109,-51.03244622,3991.962231,3108.568155,0.007456066
-84.24901686,0.004625166,-51.03242425,3989.577878,3111.503108,0.007495105
-84.69576815,0.004701638,-51.0323951,3987.186996,3114.446146,0.007533652
-85.14374895,0.004776906,-51.03235749,3984.789585,3117.397267,0.007571674
-85.59295906,0.004852597,-51.03231246,3982.385646,3120.356471,0.007609138
-86.04339829,0.004929849,-51.03225981,3979.975183,3123.323755,0.007646009
-86.49506645,0.005006418,-51.03219903,3977.558195,3126.299119,0.007682255
-86.94796332,0.005083334,-51.03213037,3975.134684,3129.28256,0.00771784
-87.4020887,0.005160807,-51.03205384,3972.704653,3132.274078,0.007752727
-87.85744236,0.005238474,-51.0319697,3970.268102,3135.27367,0.00778688
-88.31402408,0.005316507,-51.03187756,3967.825034,3138.281336,0.007820268
-88.77183362,0.005394567,-51.03177744,3965.375449,3141.297072,0.007852857
-89.23087074,0.005472951,-51.03166901,3962.919349,3144.320878,0.00788461
-89.6911352,0.005551822,-51.03155316,3960.456737,3147.352751,0.007915497
-90.15262672,0.005630611,-51.03142893,3957.987613,3150.39269,0.007945486
-90.61534507,0.005709513,-51.03129699,3955.511979,3153.440691,0.007974543
-91.07928996,0.005789008,-51.03115736,3953.029838,3156.496754,0.008002634
-91.54446111,0.005868495,-51.03100915,3950.54119,3159.560876,0.00802973
-92.01085826,0.005948289,-51.03085391,3948.046038,3162.633054,0.0080558
-92.4784811,0.006028112,-51.03068998,3945.544383,3165.713286,0.008080812
-92.94732934,0.00610827,-51.03051922,3943.036227,3168.80157,0.008104732
-93.41740269,0.00618855,-51.03033957,3940.521572,3171.897904,0.008127535
-93.88870082,0.006268831,-51.03015244,3938.000419,3175.002283,0.00814919
-94.36122342,0.00634915,-51.02995769,3935.472771,3178.114707,0.00816967
-94.83497018,0.006429847,-51.02975507,3932.938629,3181.235172,0.008188945
-95.30994076,0.006510424,-51.02954487,3930.397996,3184.363676,0.00820699
-95.78613483,0.006591396,-51.02932703,3927.850872,3187.500215,0.008223781
-96.26355204,0.006672278,-51.02910199,3925.29726,3190.644786,0.008239294
-96.74219205,0.006753318,-51.02886915,3922.737161,3193.797388,0.008253503
-97.22205451,0.006833971,-51.02862864,3920.170579,3196.958016,0.008266383
-97.70313905,0.006915218,-51.02838111,3917.597514,3200.126667,0.00827791
-98.18544532,0.006996299,-51.02812601,3915.017968,3203.303339,0.00828806
-98.66897293,0.007077602,-51.02786395,3912.431944,3206.488028,0.008296808
-99.15372152,0.007158621,-51.02759447,3909.839443,3209.68073,0.008304125
-99.63969071,0.007239767,-51.02731816,3907.240468,3212.881443,0.008309985
-100.1268801,0.007321252,-51.02703452,3904.63502,3216.090163,0.008314359
-100.6152893,0.007402101,-51.02674419,3902.023102,3219.306887,0.008317218
-101.104918,0.007483416,-51.02644702,3899.404715,3222.53161,0.008318534
-101.5957656,0.007564508,-51.02614341,3896.779862,3225.76433,0.008318276
-102.0878319,0.007645699,-51.02583248,3894.148545,3229.005042,0.008316416
-102.5811164,0.007726687,-51.02551542,3891.510766,3232.253744,0.008312922
-103.0756187,0.007807735,-51.0251918,3888.866527,3235.51043,0.008307765
-103.5713383,0.007888485,-51.02486173,3886.21583,3238.775099,0.008300911
-104.0682749,0.007969071,-51.02452593,3883.558678,3242.047744,0.00829233
-104.566428,0.008049981,-51.02418343,3880.895072,3245.328364,0.008281988
-105.0657971,0.008130268,-51.02383533,3878.225016,3248.616953,0.008269851
-105.5663819,0.008210673,-51.02348062,3875.54851,3251.913508,0.008255887
-106.0681818,0.00829119,-51.02312051,3872.865559,3255.218025,0.008240058
-106.5711965,0.008371231,-51.02275505,3870.176163,3258.530499,0.008222328
-107.0754254,0.008451354,-51.02238313,3867.480325,3261.850927,0.008202658
-107.5808681,0.008531146,-51.02200634,3864.778048,3265.179304,0.008181007
-108.0875241,0.008610966,-51.02162398,3862.069335,3268.515627,0.008157334
-108.595393,0.008690398,-51.02123676,3859.354186,3271.85989,0.008131602
-109.1044742,0.008769794,-51.02084405,3856.632606,3275.21209,0.008103767
-109.6147674,0.008849178,-51.02044626,3853.904597,3278.572222,0.008073786
-110.1262719,0.008928093,-51.02004385,3851.17016,3281.940282,0.008041615
-110.6389874,0.009006814,-51.01963687,3848.429299,3285.316266,0.008007207
-111.1529132,0.009085255,-51.01922506,3845.682017,3288.700168,0.007970517
-111.668049,0.009163579,-51.01880876,3842.928315,3292.091985,0.007931497
-112.1843941,0.009242187,-51.0183879,3840.168197,3295.491712,0.007890098
-112.7019481,0.00931955,-51.01796341,3837.401665,3298.899345,0.007846269
-113.2207105,0.009396769,-51.01753416,3834.628722,3302.314878,0.00779996
-113.7406808,0.00947436,-51.01710139,3831.849371,3305.738308,0.007751117
-114.2618583,0.009551285,-51.0166644,3829.063614,3309.16963,0.007699688
-114.7842426,0.009628011,-51.01622374,3826.271455,3312.608838,0.00764562
-115.3078332,0.009704446,-51.0157796,3823.472896,3316.055929,0.007588855
-115.8326294,0.009780636,-51.01533193,3820.66794,3319.510897,0.007529333
-116.3586308,0.009856379,-51.01488078,3817.85659,3322.973738,0.007466997
-116.8858368,0.009932312,-51.01442614,3815.038849,3326.444447,0.007401783
-117.4142469,0.010007102,-51.01396899,3812.21472,3329.923019,0.00733363
-117.9438604,0.010082545,-51.01350844,3809.384205,3333.409449,0.007262478
-118.4746768,0.010156889,-51.01304514,3806.547309,3336.903732,0.00718826
-119.0066956,0.010230843,-51.01257916,3803.704034,3340.405864,0.007110913
-119.5399162,0.010304803,-51.01211075,3800.854383,3343.915839,0.007030368
-120.0743379,0.010378611,-51.01164017,3797.998359,3347.433653,0.006946559
-120.6099603,0.010451594,-51.01116654,3795.135966,3350.9593,0.006859416
-121.1467827,0.010521036,-51.01072005,3792.267206,3354.492775,0.006768871
-121.6848045,0.010597217,-51.0102133,3789.392084,3358.034074,0.006674852
-122.2240251,0.010668992,-51.00973361,3786.510601,3361.583191,0.00657729
-122.764444,0.01074095,-51.00925189,3783.622762,3365.140122,0.00647611
-123.3060605,0.010812585,-51.00876955,3780.728569,3368.70486,0.006371237
-123.848874,0.010883189,-51.00828398,3777.828027,3372.277402,0.006262596
-124.3928839,0.010949028,-51.00783692,3774.921139,3375.857741,0.006150112
-124.9380896,0.011024079,-51.00730986,3772.007907,3379.445872,0.006033711
-125.4844904,0.011089037,-51.00686268,3769.088336,3383.041791,0.005913315
-126.0320858,0.011163361,-51.00633141,3766.162428,3386.645492,0.00578885
-126.580875,0.011227262,-51.00588407,3763.230189,3390.25697,0.005660241
-127.1308575,0.011301287,-51.00534739,3760.29162,3393.87622,0.005527412
-127.6820327,0.011364213,-51.00489991,3757.346726,3397.503235,0.005390287
-128.2343998,0.011425889,-51.00445224,3754.39551,3401.138012,0.005248791
-128.7879582,0.011504831,-51.00386618,3751.437976,3404.780545,0.005102849
-129.3427072,0.011566308,-51.00341848,3748.474128,3408.430827,0.004952387
-129.8986463,0.0116269,-51.00297067,3745.503969,3412.088855,0.004797334
-130.4557747,0.011704701,-51.00238042,3742.527504,3415.754622,0.004637619
-131.0140918,0.011765225,-51.0019326,3739.544735,3419.428124,0.004473174
-131.5735969,0.011836006,-51.00138862,3736.555668,3423.109354,0.004303933
-132.1342894,0.011895589,-51.00094067,3733.560305,3426.798308,0.00412983
-132.6961685,0.01195432,-51.0004926,3730.558651,3430.494979,0.003950802
-133.2592335,0.012029906,-50.99990078,3727.550709,3434.199363,0.003766787
-133.8234838,0.012088523,-50.99945271,3724.536484,3437.911455,0.003577727
-134.3889187,0.012157159,-50.99890954,3721.51598,3441.631247,0.003383569
-134.9555375,0.012214997,-50.99846136,3718.4892,3445.358736,0.003184263
-135.5233394,0.012272056,-50.99801308,3715.456149,3449.093916,0.002979761
-136.0923239,0.012344793,-50.99742572,3712.416831,3452.83678,0.002770021
-136.6624901,0.012401753,-50.99697742,3709.37125,3456.587324,0.002555005
-137.2338373,0.012457739,-50.99652899,3706.319411,3460.345542,0.002334681
-137.8063649,0.012528868,-50.99594734,3703.261317,3464.111428,0.002109022
-138.3800721,0.012584974,-50.99549893,3700.196972,3467.884978,0.001878007
-138.9549582,0.012640055,-50.99505039,3697.126382,3471.666184,0.00164162
-139.5310224,0.012709345,-50.99447465,3694.04955,3475.455043,0.001399853
-140.108264,0.012764608,-50.99402613,3690.966481,3479.251547,0.001152705
-140.6866824,0.012818983,-50.99357751,3687.877179,3483.055692,0.000900182
-141.2662766,0.01288635,-50.99300837,3684.781649,3486.867472,0.000642297
-141.847046,0.01294096,-50.99255978,3681.679894,3490.686882,0.000379073
-142.4289899,0.012994459,-50.99211104,3678.571921,3494.513914,0.000110538
-143.0121074,0.013059814,-50.99155145,3675.457732,3498.348565,-0.000163269
-143.5963978,0.01311353,-50.99110275,3672.337333,3502.190828,-0.000442301
-144.1818604,0.01316623,-50.99065392,3669.210728,3506.040698,-0.0007265
-144.7684943,0.013218724,-50.99020507,3666.077922,3509.898169,-0.001015802
-145.3562989,0.013285537,-50.98962309,3662.938919,3513.763235,-0.001310131
-145.9452732,0.013338343,-50.98917428,3659.793725,3517.635891,-0.001609403
-146.5354166,0.013390053,-50.98872534,3656.642343,3521.51613,-0.001913522
-147.1267283,0.013441535,-50.98827637,3653.484779,3525.403947,-0.002222385
-147.7192074,0.013505046,-50.98771239,3650.321038,3529.299337,-0.002535878
-148.3128532,0.013556633,-50.98726344,3647.151123,3533.202294,-0.002853875
-148.9076648,0.013607337,-50.98681438,3643.975041,3537.112811,-0.003176244
-149.5036415,0.013657636,-50.98636527,3640.792795,3541.030883,-0.003502839
-150.1007825,0.013707955,-50.98591617,3637.604391,3544.956505,-0.003833507
-150.6990869,0.013770155,-50.98534648,3634.409834,3548.889671,-0.004168084
-151.298554,0.013820481,-50.98489738,3631.209129,3552.830374,-0.004506396
-151.8991828,0.013869854,-50.98444817,3628.00228,3556.778609,-0.004848259
-152.5009727,0.013918651,-50.98399889,3624.789293,3560.73437,-0.005193482
-153.1039227,0.013967158,-50.98354959,3621.570172,3564.697652,-0.005541862
-153.708032,0.014015666,-50.98310028,3618.344923,3568.668449,-0.005893187
-154.3132998,0.014074649,-50.98254196,3615.113551,3572.646754,-0.006247239
-154.9197253,0.014122818,-50.98209262,3611.876061,3576.632563,-0.006603788
-155.5273075,0.01417022,-50.98164319,3608.632459,3580.625868,-0.006962598
-156.1360458,0.014217115,-50.98119371,3605.382749,3584.626665,-0.007323424
-156.7459391,0.014263544,-50.98074418,3602.126936,3588.634948,-0.007686013
-157.3569867,0.01430972,-50.98029463,3598.865027,3592.65071,-0.008050106
-157.9691876,0.014355397,-50.97984502,3595.597026,3596.673947,-0.008415436
-158.5825411,0.014400665,-50.97939537,3592.322938,3600.704652,-0.00878173
-159.1970462,0.014445454,-50.97894567,3589.04277,3604.742819,-0.009148709
-159.8127022,0.014489598,-50.97849591,3585.756526,3608.788442,-0.009516088
-160.429508,0.014543701,-50.97793598,3582.464212,3612.841517,-0.009883577
-161.0474628,0.014587062,-50.97748614,3579.165834,3616.902036,-0.010250881
-161.6665658,0.014630033,-50.97703627,3575.861396,3620.969995,-0.010617704
-162.2868161,0.014671953,-50.97658629,3572.550905,3625.045387,-0.010983743
-162.9082127,0.014713382,-50.97613627,3569.234367,3629.128207,-0.011348695
-163.5307547,0.014754097,-50.97568618,3565.911786,3633.218448,-0.011712254
-164.1544413,0.014794406,-50.97523605,3562.583168,3637.316106,-0.012074115
-164.7792716,0.014833666,-50.97478583,3559.24852,3641.421173,-0.012433969
-165.4052447,0.014872601,-50.97433558,3555.907847,3645.533646,-0.012791501
-166.0323595,0.01491067,-50.97388526,3552.561155,3649.653517,-0.013146384
-166.6606153,0.014947544,-50.97343483,3549.208449,3653.780781,-0.013498311
-167.2900111,0.01498401,-50.97298437,3545.849736,3657.915432,-0.013846982
-167.920546,0.015019543,-50.97253384,3542.485021,3662.057465,-0.014192105
-168.552219,0.015054455,-50.97208325,3539.11431,3666.206873,-0.014533391
-169.1850293,0.015088208,-50.97163257,3535.737609,3670.363652,-0.014870557
-169.8189758,0.015121159,-50.97118184,3532.354925,3674.527794,-0.015203329
-170.4540577,0.015152843,-50.97073101,3528.966263,3678.699295,-0.015531442
-171.090274,0.015183724,-50.97028012,3525.571628,3682.878149,-0.015854642
-171.7276237,0.015213633,-50.96982917,3522.171029,3687.06435,-0.016172687
-172.366106,0.015242199,-50.96937813,3518.764469,3691.257891,-0.016485344
-173.0057198,0.015274228,-50.9688488,3515.351956,3695.458769,-0.016792397
-173.6464642,0.015300301,-50.96839761,3511.933495,3699.666976,-0.017093647
-174.2883383,0.015325336,-50.96794635,3508.509093,3703.882506,-0.017388908
-174.9313411,0.015348869,-50.96749502,3505.078756,3708.105355,-0.017678011
-175.5754715,0.015371837,-50.96702812,3501.64249,3712.335517,-0.017960809
-176.2207287,0.015392937,-50.96657217,3498.200301,3716.572985,-0.018237169
-176.8671117,0.015412473,-50.96612064,3494.752195,3720.817753,-0.018506981
-177.5146195,0.015430844,-50.96565873,3491.298178,3725.069817,-0.018770155
-178.1632511,0.015447437,-50.96520707,3487.838257,3729.329169,-0.019026624
-178.8130055,0.015462283,-50.96475535,3484.372438,3733.595805,-0.019276342
-179.4638818,0.015476608,-50.96428569,3480.900726,3737.869718,-0.019519289
-180.1158789,0.015488196,-50.96382688,3477.423129,3742.150903,-0.01975546
-180.768996,0.015498213,-50.96337502,3473.939651,3746.439353,-0.019984878
-181.4232318,0.015506553,-50.96290843,3470.4503,3750.735063,-0.020207589
-182.0785856,0.015513445,-50.96244784,3466.955081,3755.038027,-0.020423658
-182.7350563,0.015517827,-50.96199588,3463.454001,3759.348238,-0.020633155
-183.3926428,0.015520582,-50.9615439,3459.947066,3763.665691,-0.020836172
-184.0513442,0.015521489,-50.96106431,3456.434281,3767.99038,-0.021032823
-184.7111594,0.015520528,-50.96060273,3452.915652,3772.322299,-0.021223241
-185.3720875,0.015516953,-50.96014046,3449.391187,3776.661441,-0.021407588
-186.0341274,0.015511964,-50.95968848,3445.86089,3781.007801,-0.021586056
-186.6972782,0.015504515,-50.95923654,3442.324768,3785.361372,-0.021758862
-187.3615388,0.015494172,-50.95875078,3438.782827,3789.722148,-0.021926252
-188.0269081,0.01548278,-50.9582989,3435.235073,3794.090124,-0.022088497
-188.6933852,0.015468649,-50.95784711,3431.681511,3798.465292,-0.022245896
-189.360969,0.015452246,-50.95739538,3428.122147,3802.847647,-0.022398782
-190.0296585,0.015433812,-50.95694373,3424.556987,3807.237183,-0.022547514
-190.6994527,0.015413081,-50.95649217,3420.986038,3811.633892,-0.022692477
-191.3703506,0.015389547,-50.95604074,3417.409304,3816.037769,-0.022834085
-192.042351,0.015363836,-50.95558943,3413.826791,3820.448807,-0.02297278
-192.715453,0.015335725,-50.95513826,3410.238506,3824.866999,-0.023109027
-193.3896556,0.015296149,-50.95457212,3406.644452,3829.29234,-0.02324332
-194.0649576,0.015262613,-50.95412131,3403.044637,3833.724823,-0.02337617
-194.7413581,0.015225699,-50.95367075,3399.439065,3838.16444,-0.023508116
-195.418856,0.015186033,-50.95322043,3395.827743,3842.611186,-0.023639717
-196.0974502,0.015143459,-50.95277036,3392.210674,3847.065054,-0.023771553
-196.7771398,0.015098166,-50.95232056,3388.587865,3851.526037,-0.023904226
-197.4579237,0.01504029,-50.95179427,3384.959322,3855.994128,-0.024038352
-198.1398007,0.014987016,-50.95133411,3381.325048,3860.469321,-0.024174563
-198.8227699,0.014930641,-50.95087464,3377.68505,3864.951608,-0.024313503
-199.5068302,0.0148706,-50.95041612,3374.039332,3869.440984,-0.024455834
-200.1919806,0.014807752,-50.94995951,3370.3879,3873.93744,-0.024602227
-200.8782199,0.014741105,-50.94950379,3366.730759,3878.440971,-0.024753364
-201.5655472,0.014671043,-50.94904937,3363.067914,3882.951569,-0.024909938
-202.2539613,0.014597461,-50.94859701,3359.399369,3887.469226,-0.025072649
-202.9434613,0.014520695,-50.94814663,3355.725131,3891.993938,-0.0252422
-203.634046,0.014439914,-50.94769788,3352.045203,3896.525695,-0.025419298
-204.3257144,0.01435551,-50.94725142,3348.35959,3901.064491,-0.025604648
-205.0184653,0.014267558,-50.94680711,3344.668298,3905.610319,-0.025798958
-205.7122979,0.014176041,-50.94636564,3340.971331,3910.163172,-0.026002938
-206.4072108,0.014080452,-50.9459264,3337.268695,3914.723043,-0.026217299
-207.1032032,0.013981086,-50.9454898,3333.560393,3919.289924,-0.02644274
-207.8002739,0.013877694,-50.94505572,3329.846431,3923.863809,-0.026679961
-208.4984219,0.013770538,-50.94462533,3326.126813,3928.44469,-0.02692965
-209.197646,0.013659276,-50.94419777,3322.401545,3933.032559,-0.027192488
-209.8979452,0.013543969,-50.94377361,3318.67063,3937.62741,-0.027469146
-210.5993184,0.013425024,-50.94335345,3314.934073,3942.229236,-0.027760286
-211.3017645,0.013301445,-50.94293659,3311.19188,3946.838029,-0.028066567
-212.0052825,0.013173713,-50.94252351,3307.444054,3951.453782,-0.028388631
-212.7098713,0.013042157,-50.94211477,3303.690601,3956.076487,-0.028727109
-213.4155297,0.012906107,-50.94170969,3299.931525,3960.706138,-0.029082622
-214.1222567,0.012765972,-50.94130966,3296.166831,3965.342727,-0.029455771
-214.8300513,0.012621968,-50.94091366,3292.396522,3969.986246,-0.02984715
-215.5389122,0.012473009,-50.94052232,3288.620605,3974.636689,-0.03025734
-216.2488385,0.012319823,-50.94013624,3284.839082,3979.294048,-0.030686898
-216.959829,0.012162547,-50.93975467,3281.05196,3983.958315,-0.031136366
-217.6718826,0.012001056,-50.93937855,3277.259241,3988.629484,-0.031606266
-218.3849983,0.011834784,-50.93900846,3273.460932,3993.307546,-0.032097101
-219.099175,0.011664506,-50.93864307,3269.657035,3997.992495,-0.032609355
-219.8144115,0.011489555,-50.93828351,3265.847557,4002.684322,-0.033143496
-220.5307068,0.011310069,-50.93792991,3262.0325,4007.383022,-0.033699959
-221.2480598,0.011126405,-50.93758196,3258.211871,4012.088586,-0.034279155
-221.9664693,0.010938351,-50.93724045,3254.385672,4016.801006,-0.034881478
-222.6859343,0.010745562,-50.93690548,3250.553909,4021.520276,-0.035507295
-223.4064537,0.010548336,-50.93657683,3246.716586,4026.246388,-0.036156953
-224.1280264,0.010346845,-50.93625505,3242.873708,4030.979335,-0.036830767
-224.8506512,0.010140893,-50.93594002,3239.025279,4035.719109,-0.037529028
-225.5743271,0.009930793,-50.93563161,3235.171303,4040.465703,-0.038252001
-226.299053,0.009716013,-50.93533068,3231.311786,4045.219109,-0.038999917
-227.0248278,0.009496657,-50.93503711,3227.44673,4049.979321,-0.039772985
-227.7516503,0.009272823,-50.9347506,3223.576142,4054.746331,-0.04057138
-228.4795194,0.009044806,-50.93447184,3219.700026,4059.52013,-0.041395254
-229.2084342,0.008812237,-50.93420069,3215.818385,4064.300713,-0.042244734
-229.9383933,0.00857543,-50.9339378,3211.931225,4069.088072,-0.043119918
-230.6693959,0.008334182,-50.93368254,3208.038551,4073.8822,-0.044020864
-231.4014406,0.008088973,-50.93343587,3204.140366,4078.683088,-0.044947605
-232.1345265,0.007838679,-50.93319697,3200.236675,4083.490731,-0.045900147
-232.8686524,0.00758482,-50.93296632,3196.327483,4088.30512,-0.046878466
-233.6038172,0.007326845,-50.93274481,3192.412795,4093.126249,-0.047882512
-234.3400198,0.007064135,-50.9325315,3188.492615,4097.95411,-0.04891221
-235.0772591,0.006797349,-50.93232729,3184.566948,4102.788696,-0.049967445
-235.815534,0.006526498,-50.93213167,3180.635799,4107.629999,-0.051048081
-236.5548433,0.006251646,-50.9319452,3176.699172,4112.478014,-0.052153954
-237.295186,0.00597296,-50.93176788,3172.757072,4117.332732,-0.053284869
-238.036561,0.00569015,-50.9315996,3168.809505,4122.194147,-0.0544406
-238.7789671,0.005403463,-50.93144073,3164.856473,4127.06225,-0.055620894
-239.5224032,0.00511256,-50.93129112,3160.897983,4131.937037,-0.056825473
-240.2668682,0.004817699,-50.93115066,3156.93404,4136.818498,-0.058054031
-241.0123611,0.004519698,-50.93102019,3152.964648,4141.706628,-0.059306236
-241.7588806,0.004217543,-50.9308993,3148.989812,4146.601419,-0.060581733
-242.5064257,0.003911811,-50.93078792,3145.009537,4151.502864,-0.061880139
-243.2549953,0.003602358,-50.93068628,3141.023827,4156.410957,-0.063201043
-244.0045883,0.003289464,-50.93059458,3137.032689,4161.32569,-0.064544015
-244.7552035,0.002972901,-50.93051254,3133.036127,4166.247056,-0.065908597
-245.5068398,0.002653026,-50.93044068,3129.034146,4171.175049,-0.067294309
-246.2594961,0.002330327,-50.93037901,3125.02675,4176.109662,-0.068700653
-247.0131714,0.002003662,-50.93032708,3121.013946,4181.050888,-0.070127101
-247.7678645,0.001674332,-50.93028514,3116.995738,4185.99872,-0.071573101
-248.5235743,0.001341442,-50.93025357,3112.972131,4190.953151,-0.073038087
-249.2802996,0.00102562,-50.93023363,3108.94313,4195.914175,-0.074521473
-250.0380395,0.000709409,-50.93022194,3104.908741,4200.881784,-0.076022646
-250.7967927,0.000325425,-50.93021925,3100.868969,4205.855973,-0.07754098
-251.5565581,9.17E-06,-50.93022769,3096.823818,4210.836735,-0.079075831
-252.3173348,-0.000366187,-50.93024649,3092.773295,4215.824062,-0.080626538
-253.0791214,-0.000715976,-50.93027593,3088.717404,4220.817948,-0.082192424
-253.841917,-0.001067999,-50.93031534,3084.656151,4225.818387,-0.083772792
-254.6057205,-0.001422174,-50.93036497,3080.589541,4230.825371,-0.085366931
-255.3705306,-0.0017794,-50.9304245,3076.517578,4235.838896,-0.08697412
-256.1363464,-0.002138798,-50.93049481,3072.44027,4240.858952,-0.088593617
-256.9031667,-0.002500631,-50.9305745,3068.35762,4245.885536,-0.090224676
-257.6709904,-0.002863965,-50.93066483,3064.269635,4250.918639,-0.091866532
-258.4398164,-0.003230032,-50.93076514,3060.17632,4255.958255,-0.093518415
-259.2096436,-0.003597187,-50.93087532,3056.077679,4261.004378,-0.095179543
-259.980471,-0.003966943,-50.930996,3051.97372,4266.057002,-0.096849128
-260.7522973,-0.004337771,-50.93112626,3047.864446,4271.11612,-0.09852637
-261.5251216,-0.004710239,-50.93126648,3043.749864,4276.181725,-0.100210465
-262.2989426,-0.005084559,-50.93141657,3039.629979,4281.253812,-0.101900605
-263.0737594,-0.005460421,-50.93157705,3035.504796,4286.332374,-0.103595977
-263.8495708,-0.005837032,-50.93174665,3031.374322,4291.417404,-0.105295762
-264.6263757,-0.006215476,-50.93192649,3027.238562,4296.508897,-0.106999142
-265.4041731,-0.006594484,-50.93211535,3023.097521,4301.606846,-0.1087053
-266.1829617,-0.006974802,-50.93231437,3018.951206,4306.711245,-0.110413421
-266.9627407,-0.007356165,-50.93252265,3014.799621,4311.822088,-0.112122685
-267.7435087,-0.007737749,-50.93274056,3010.642772,4316.939369,-0.113832275
-268.5252649,-0.008120501,-50.93296757,3006.480666,4322.06308,-0.115541382
-269.308008,-0.00850432,-50.93320419,3002.313308,4327.193218,-0.117249205
-270.091737,-0.00888791,-50.93344938,2998.140704,4332.329774,-0.11895495
-270.8764508,-0.009272618,-50.93370401,2993.962859,4337.472744,-0.120657828
-271.6621483,-0.009656592,-50.93396792,2989.779779,4342.622121,-0.122357061
-272.4488285,-0.010041464,-50.93424053,2985.591471,4347.777899,-0.124051882
-273.2364902,-0.010426553,-50.93452153,2981.397941,4352.940072,-0.125741539
-274.0251324,-0.010811324,-50.93481206,2977.199193,4358.108635,-0.12742529
-274.8147541,-0.011196318,-50.93511023,2972.995234,4363.283581,-0.129102403
-275.605354,-0.011580989,-50.93541703,2968.786071,4368.464904,-0.130772155
-276.3969313,-0.011965256,-50.93573221,2964.571708,4373.652599,-0.132433839
-277.1894848,-0.012349235,-50.93605584,2960.352153,4378.84666,-0.134086764
-277.9830133,-0.012732503,-50.93638716,2956.127411,4384.04708,-0.135730252
-278.777516,-0.013115252,-50.93672641,2951.897487,4389.253855,-0.137363645
-279.5729916,-0.013449853,-50.93702944,2947.66239,4394.466977,-0.138986304
-280.3694391,-0.013879205,-50.93742858,2943.422123,4399.686443,-0.140597597
-281.1668575,-0.014205669,-50.93774036,2939.176694,4404.912245,-0.142196915
-281.9652456,-0.014639076,-50.93816085,2934.926108,4410.144378,-0.143783668
-282.7646025,-0.015017791,-50.93853753,2930.670372,4415.382836,-0.145357284
-283.564927,-0.015395003,-50.93892131,2926.409491,4420.627614,-0.146917209
-284.3662181,-0.015771242,-50.93931228,2922.143473,4425.878706,-0.148462913
-285.1684747,-0.016146325,-50.93970999,2917.872323,4431.136106,-0.149993887
-285.9716958,-0.016519686,-50.94011417,2913.596047,4436.399809,-0.151509642
-286.7758802,-0.01689127,-50.94052475,2909.314651,4441.669809,-0.153009712
-287.581027,-0.017261529,-50.94094179,2905.028142,4446.9461,-0.154493657
-288.3871351,-0.017630068,-50.94136499,2900.736526,4452.228676,-0.155961058
-289.1942034,-0.017997093,-50.94179392,2896.439809,4457.517533,-0.157411515
-290.0022308,-0.018361934,-50.94222861,2892.137997,4462.812665,-0.158844657
-290.8112163,-0.018724945,-50.94266905,2887.831096,4468.114065,-0.160260136
-291.6211589,-0.019085936,-50.94311522,2883.519113,4473.421728,-0.161657629
-292.4320575,-0.019444635,-50.94356618,2879.202053,4478.735649,-0.163036839
-293.2439111,-0.01980144,-50.94402273,2874.879924,4484.055823,-0.164397498
-294.0567185,-0.020155765,-50.94448391,2870.55273,4489.382242,-0.165739361
-294.8704785,-0.020508169,-50.94495003,2866.22048,4494.714901,-0.167062207
-295.6851889,-0.020857688,-50.9454205,2861.883185,4500.053787,-0.168365845
-296.5008477,-0.021205073,-50.94589553,2857.540858,4505.398886,-0.169650116
-297.3174524,-0.021549417,-50.94637534,2853.193511,4510.750185,-0.170914893
-298.1350009,-0.021891191,-50.94685868,2848.841157,4516.10767,-0.172160074
-298.9534908,-0.022230798,-50.94734604,2844.483808,4521.471328,-0.173385592
-299.77292,-0.022567111,-50.94783747,2840.121477,4526.841145,-0.174591411
-300.5932861,-0.022900958,-50.9483324,2835.754177,4532.217107,-0.175777519
-301.4145871,-0.023231108,-50.94883068,2831.381919,4537.599202,-0.176943939
-302.2368205,-0.02355926,-50.94933251,2827.004717,4542.987416,-0.178090723
-303.0599842,-0.0238836,-50.94983738,2822.622582,4548.381736,-0.179217954
-303.884076,-0.02420514,-50.95034541,2818.235527,4553.782147,-0.180325752
-304.7090937,-0.024523437,-50.95085606,2813.843563,4559.188637,-0.181414263
-305.5350351,-0.024838527,-50.95136963,2809.446704,4564.601193,-0.182483666
-306.3618979,-0.02515051,-50.95188556,2805.044961,4570.0198,-0.183534169
-307.18968,-0.02545885,-50.9524038,2800.638347,4575.444446,-0.184566013
-308.0183791,-0.025763683,-50.95292451,2796.226873,4580.875117,-0.185579467
-308.8479931,-0.026065266,-50.95344731,2791.810552,4586.3118,-0.186574833
-309.6785199,-0.026363319,-50.95397182,2787.389395,4591.754482,-0.187552442
-310.5099572,-0.026657766,-50.95449832,2782.963414,4597.20315,-0.188512651
-311.3423028,-0.026948541,-50.95502661,2778.532622,4602.65779,-0.189455847
-312.1755547,-0.027235739,-50.95555649,2774.097029,4608.118388,-0.190382447
-313.0097106,-0.027519297,-50.95608778,2769.656648,4613.584933,-0.191292893
-313.8447684,-0.027798562,-50.95662039,2765.211491,4619.05741,-0.19218765
-314.680726,-0.028074271,-50.95715415,2760.761569,4624.535806,-0.193067213
-315.5175812,-0.028346383,-50.95768872,2756.306893,4630.020108,-0.193932099
-316.3553318,-0.028614596,-50.95822446,2751.847475,4635.510304,-0.194782849
-317.1939759,-0.028878277,-50.95876093,2747.383328,4641.006379,-0.195620025
-318.0335112,-0.029138372,-50.95929831,2742.914461,4646.50832,-0.196444214
-318.8739356,-0.029394098,-50.95983596,2738.440886,4652.016115,-0.19725602
-319.715247,-0.029646005,-50.96037438,2733.962616,4657.529751,-0.198056063
-320.5574433,-0.029893224,-50.96091279,2729.47966,4663.049213,-0.198844986
-321.4005224,-0.030136801,-50.96145176,2724.99203,4668.574489,-0.199623448
-322.2444823,-0.03037586,-50.96199091,2720.499738,4674.105567,-0.20039212
-323.0893207,-0.030610849,-50.9625302,2716.002793,4679.642431,-0.201151692
-323.9350358,-0.030841392,-50.96306925,2711.501208,4685.185071,-0.201902864
-324.7816253,-0.031067112,-50.96360816,2706.994994,4690.733471,-0.202646347
-325.6290872,-0.031289039,-50.96414725,2702.48416,4696.28762,-0.203382864
-326.4774195,-0.031506216,-50.96468571,2697.968718,4701.847504,-0.204113144
-327.32662,-0.031718825,-50.96522397,2693.448679,4707.413111,-0.204837926
-328.1766868,-0.031927076,-50.96576162,2688.924054,4712.984426,-0.205557954
-329.0276178,-0.032130816,-50.96629915,2684.394852,4718.561437,-0.206273975
-329.8794109,-0.032329514,-50.96683589,2679.861084,4724.144131,-0.206986741
-330.7320642,-0.032523938,-50.96737171,2675.322762,4729.732494,-0.207697005
-331.5855755,-0.032713672,-50.9679071,2670.779895,4735.326514,-0.208405522
-332.4399429,-0.032898491,-50.96844168,2666.232494,4740.926177,-0.20911304
-333.2951644,-0.033078477,-50.96897532,2661.680569,4746.531471,-0.209820311
-334.1512379,-0.033253876,-50.96950811,2657.12413,4752.142382,-0.210528077
-335.0081615,-0.033423895,-50.97003936,2652.563188,4757.758897,-0.211237077
-335.8659331,-0.033589809,-50.97057012,2647.997753,4763.381004,-0.211948042
-336.7245508,-0.033749937,-50.97109982,2643.427834,4769.008688,-0.212661694
-337.5840125,-0.033905204,-50.97162788,2638.853442,4774.641937,-0.213378744
-338.4443164,-0.034055843,-50.97215521,2634.274587,4780.280739,-0.214099893
-339.3054604,-0.034201343,-50.97268119,2629.691278,4785.925079,-0.214825825
-340.1674425,-0.034341224,-50.97320588,2625.103525,4791.574945,-0.215557214
-341.0302608,-0.034475855,-50.97372905,2620.511339,4797.230324,-0.216294715
-341.8939134,-0.034605495,-50.97425093,2615.914729,4802.891203,-0.217038966
-342.7583982,-0.034729942,-50.97477126,2611.313704,4808.557568,-0.217790584
-343.6237134,-0.03484925,-50.97529038,2606.708274,4814.229408,-0.21855017
-344.4898571,-0.034963036,-50.9758079,2602.098449,4819.906708,-0.2193183
-345.3568272,-0.035071185,-50.97632383,2597.484238,4825.589455,-0.220095527
-346.2246219,-0.035173908,-50.97683813,2592.865651,4831.277638,-0.220882379
-347.0932393,-0.035270916,-50.97735049,2588.242696,4836.971243,-0.221679359
-347.9626774,-0.035362549,-50.97786144,2583.615384,4842.670256,-0.222486947
-348.8329343,-0.035448681,-50.97837033,2578.983724,4848.374665,-0.223305591
-349.7040082,-0.035528748,-50.97887793,2574.347725,4854.084458,-0.224135712
-350.5758972,-0.035603504,-50.97938351,2569.707395,4859.799621,-0.224977701
-351.4485993,-0.035672154,-50.97988732,2565.062745,4865.520141,-0.225831918
-352.3221128,-0.035735121,-50.98038953,2560.413784,4871.246005,-0.226698689
-353.1964358,-0.035791943,-50.98088934,2555.76052,4876.977201,-0.22757831
-354.0715663,-0.035842856,-50.98138717,2551.102962,4882.713716,-0.228471041
-354.9475026,-0.035887938,-50.98188318,2546.44112,4888.455537,-0.229377107
-355.8242429,-0.035926953,-50.98237779,2541.775002,4894.202651,-0.230296699
-356.7017852,-0.035959586,-50.98286917,2537.104618,4899.955046,-0.231229971
-357.5801277,-0.035986079,-50.9833593,2532.429976,4905.712708,-0.23217704
-358.4592687,-0.036006239,-50.98384676,2527.751085,4911.475626,-0.233137983
-359.3392063,-0.036020151,-50.98433194,2523.067954,4917.243786,-0.234112838
-360.2199386,-0.03602752,-50.98481555,2518.380592,4923.017175,-0.235101608
-361.1014639,-0.036028774,-50.98529643,2513.689007,4928.795782,-0.236104254
-361.9837804,-0.036023731,-50.98574841,2508.993209,4934.579594,-0.2371207
-362.8668862,-0.036013252,-50.9862003,2504.293205,4940.368598,-0.23815083
-363.7507796,-0.035996087,-50.986652,2499.589006,4946.162781,-0.239194484
-364.6354587,-0.03597289,-50.98710343,2494.880618,4951.962132,-0.240251462
-365.5209219,-0.035935296,-50.98766398,2490.168052,4957.766637,-0.241321523
-366.4071672,-0.035898247,-50.9881145,2485.451315,4963.576285,-0.242404384
-367.2941929,-0.035853883,-50.98856438,2480.730416,4969.391063,-0.243499723
-368.1819972,-0.035802903,-50.98901357,2476.005364,4975.210958,-0.244607171
-369.0705785,-0.035744774,-50.98946189,2471.276168,4981.03596,-0.245726321
-369.9599348,-0.035679678,-50.98990927,2466.542836,4986.866054,-0.246856722
-370.8500645,-0.035607422,-50.99035556,2461.805377,4992.70123,-0.247997884
-371.7409658,-0.035527752,-50.99080059,2457.063798,4998.541476,-0.249149274
-372.632637,-0.035440727,-50.99124425,2452.31811,5004.386778,-0.250310314
-373.5250763,-0.035345802,-50.99168629,2447.56832,5010.237126,-0.25148039
-374.418282,-0.035243143,-50.99212661,2442.814438,5016.092507,-0.252658849
-375.3122523,-0.035116131,-50.99262994,2438.05647,5021.95291,-0.253844996
-376.2069855,-0.034997812,-50.99306231,2433.294428,5027.818322,-0.255038099
-377.10248,-0.034872122,-50.99349122,2428.528318,5033.688733,-0.256237392
-377.9987339,-0.034738527,-50.99391637,2423.75815,5039.56413,-0.257442076
-378.8957456,-0.034597173,-50.99433778,2418.983932,5045.444502,-0.258651315
-379.7935134,-0.034448266,-50.99475543,2414.205673,5051.329838,-0.259864237
-380.6920356,-0.034291725,-50.9951691,2409.423381,5057.220126,-0.261079941
-381.5913105,-0.034126682,-50.99557868,2404.637066,5063.115354,-0.262297489
-382.4913364,-0.033954108,-50.99598436,2399.846736,5069.015512,-0.263515929
-383.3921115,-0.033773725,-50.99638568,2395.0524,5074.920588,-0.264734279
-384.2936344,-0.033585111,-50.99678185,2390.254067,5080.830572,-0.265951532
-385.1959031,-0.033388546,-50.9971741,2385.451745,5086.745451,-0.267166655
-386.0989162,-0.033183695,-50.99756149,2380.645443,5092.665216,-0.268378594
-387.002672,-0.032970814,-50.99794422,2375.83517,5098.589855,-0.269586285
-387.9071687,-0.03274999,-50.99832196,2371.020935,5104.519358,-0.270788648
-388.8124047,-0.032520649,-50.99869447,2366.202748,5110.453714,-0.271984588
-389.7183785,-0.032283407,-50.99906179,2361.380615,5116.392911,-0.273172998
-390.6250882,-0.032037587,-50.99942412,2356.554548,5122.336941,-0.274352765
-391.5325324,-0.031783382,-50.99978082,2351.724554,5128.285791,-0.27552277
-392.4407094,-0.031520923,-51.00013169,2346.890643,5134.239452,-0.276681887
-393.3496175,-0.031250159,-51.00047684,2342.052824,5140.197914,-0.277828986
-394.2592552,-0.030971003,-51.00081611,2337.211105,5146.161166,-0.278962948
-395.1696208,-0.030683639,-51.00114889,2332.365497,5152.129197,-0.280082655
-396.0807127,-0.030387486,-51.0014756,2327.516007,5158.101998,-0.28118699
-396.9925293,-0.030083035,-51.00179601,2322.662645,5164.079559,-0.282274857
-397.905069,-0.029770522,-51.00210998,2317.80542,5170.06187,-0.283345169
-398.8183303,-0.029450432,-51.00241636,2312.944341,5176.04892,-0.284396851
-399.7323115,-0.029119115,-51.00271674,2308.079418,5182.040701,-0.285428842
-400.647011,-0.028780978,-51.00300957,2303.210659,5188.037201,-0.286440103
-401.5624273,-0.02843441,-51.00329522,2298.338074,5194.038412,-0.287429606
-402.4785588,-0.028079434,-51.00357377,2293.461671,5200.044324,-0.288396353
-403.3954039,-0.027715608,-51.00384398,2288.581461,5206.054927,-0.289339372
-404.3129611,-0.027343517,-51.00410685,2283.697452,5212.070212,-0.290257717
-405.2312288,-0.02696339,-51.00436202,2278.809653,5218.090169,-0.291150463
-406.1502054,-0.026574472,-51.0046086,2273.918074,5224.114789,-0.292016718
-407.0698894,-0.026177172,-51.00484719,2269.022723,5230.144062,-0.292855623
-407.9902793,-0.025772215,-51.00507732,2264.123611,5236.177979,-0.293666366
-408.9113735,-0.025358114,-51.0052986,2259.220746,5242.216531,-0.294448166
-409.8331705,-0.024936442,-51.00551156,2254.314137,5248.259708,-0.295200277
-410.7556687,-0.024506186,-51.00571533,2249.403794,5254.307502,-0.295921996
-411.6788667,-0.024067759,-51.00590978,2244.489726,5260.359904,-0.296612658
-412.6027628,-0.023621183,-51.00609496,2239.571942,5266.416903,-0.297271645
-413.5273557,-0.023166563,-51.00627113,2234.650452,5272.478492,-0.297898378
-414.4526437,-0.022704206,-51.00643728,2229.725264,5278.544661,-0.298492327
-415.3786254,-0.022233405,-51.00659427,2224.796387,5284.615402,-0.299053011
-416.3052993,-0.021754687,-51.00674077,2219.863831,5290.690705,-0.299580005
-417.2326639,-0.021268577,-51.00687743,2214.927605,5296.770562,-0.300072948
-418.1607176,-0.020774335,-51.0070039,2209.987719,5302.854963,-0.300531544
-419.089459,-0.020272762,-51.00712029,2205.04418,5308.943901,-0.30095548
-420.0188866,-0.019763263,-51.00722588,2200.096999,5315.037366,-0.30134453
-420.948999,-0.019247526,-51.00732157,2195.146183,5321.135349,-0.301698543
-421.8797946,-0.01872255,-51.00740547,2190.191743,5327.237841,-0.30201742
-422.811272,-0.018191196,-51.00747906,2185.233688,5333.344835,-0.302301114
-423.7434297,-0.017652386,-51.0075417,2180.272025,5339.456321,-0.302549641
-424.6762662,-0.017106264,-51.00759318,2175.306765,5345.572291,-0.302763082
-425.6097802,-0.01665557,-51.0076267,2170.337915,5351.692736,-0.302941571
-426.5439701,-0.016010863,-51.00766181,2165.365485,5357.817647,-0.303085294
-427.4788344,-0.015427091,-51.00767985,2160.389484,5363.947016,-0.303194512
-428.4143718,-0.014853671,-51.00768572,2155.409921,5370.080834,-0.303269548
-429.3505808,-0.014273808,-51.00768007,2150.426803,5376.219092,-0.303310778
-430.28746,-0.013688233,-51.00766286,2145.440139,5382.361782,-0.303318637
-431.2250078,-0.013095656,-51.00763363,2140.449939,5388.508894,-0.303293622
-432.163223,-0.012496675,-51.00759221,2135.456211,5394.660422,-0.303236282
-433.102104,-0.01189229,-51.00753899,2130.458963,5400.816354,-0.303147226
-434.0416494,-0.011281241,-51.00747382,2125.458203,5406.976684,-0.303027123
-434.9818579,-0.010665223,-51.00739636,2120.45394,5413.141402,-0.302876686
-435.922728,-0.01004421,-51.00730726,2115.446182,5419.3105,-0.302696691
-436.8642582,-0.00941564,-51.00720526,2110.434937,5425.483969,-0.302487963
-437.8064472,-0.008783074,-51.00709141,2105.420214,5431.661799,-0.302251376
-438.7492935,-0.008149495,-51.00696641,2100.40202,5437.843983,-0.30198785
-439.6927958,-0.00750258,-51.00682626,2095.380363,5444.030511,-0.301698347
-440.6369527,-0.006854105,-51.00667538,2090.355251,5450.221374,-0.301383877
-441.5817627,-0.006201982,-51.00651166,2085.326693,5456.416565,-0.30104548
-442.5272245,-0.005544925,-51.00633583,2080.294695,5462.616073,-0.300684238
-443.4733367,-0.004883421,-51.00614743,2075.259265,5468.81989,-0.30030127
-444.4200978,-0.004218086,-51.0059469,2070.220411,5475.028006,-0.299897724
-445.3675066,-0.00354816,-51.00573359,2065.178141,5481.240414,-0.299474775
-446.3155615,-0.002874866,-51.00550813,2060.132461,5487.457104,-0.299033624
-447.2642613,-0.002197825,-51.00527027,2055.08338,5493.678066,-0.298575495
-448.2136046,-0.001517366,-51.00502012,2050.030903,5499.903292,-0.298101629
-449.16359,-0.000833462,-51.00475737,2044.97504,5506.132773,-0.297613279
-450.1142161,-0.00014629,-51.00448289,2039.915795,5512.3665,-0.297111713
-451.0654815,0.000543185,-51.00419559,2034.853178,5518.604462,-0.296598207
-452.0173849,0.00123631,-51.00389643,2029.787194,5524.846652,-0.29607404
-452.969925,0.001931624,-51.0035852,2024.71785,5531.09306,-0.295540495
-453.9231003,0.002629399,-51.00326179,2019.645154,5537.343676,-0.294998849
-454.8769096,0.003330843,-51.00292655,2014.569111,5543.598492,-0.294450371
-455.8313515,0.004033052,-51.00257906,2009.489729,5549.857498,-0.293896324
-456.7864245,0.004735424,-51.00222048,2004.407014,5556.120685,-0.293337962
-457.7421275,0.005441281,-51.00184943,1999.320973,5562.388043,-0.292776523
-458.698459,0.006148818,-51.00146724,1994.231612,5568.659563,-0.292213224
-459.6554177,0.006858051,-51.00107282,1989.138937,5574.935236,-0.291649261
-460.6130022,0.007566607,-51.00066782,1984.042955,5581.215052,-0.291085805
-461.5712113,0.008277189,-51.00025102,1978.943672,5587.499002,-0.290523993
-462.5300434,0.008988516,-50.99982331,1973.841095,5593.787075,-0.289964938
-463.4894971,0.009700114,-50.99938437,1968.73523,5600.079261,-0.289409717
-464.449571,0.010412441,-50.9989343,1963.626085,5606.37555,-0.288859365
-465.4102635,0.011124691,-50.99847338,1958.513667,5612.67593,-0.288314892
-466.3715732,0.01183705,-50.99800194,1953.397981,5618.980393,-0.287777262
-467.3334987,0.012548616,-50.9975195,1948.279035,5625.288927,-0.2872474
-468.2960384,0.013260573,-50.99702668,1943.156835,5631.601521,-0.286726183
-469.259191,0.013971525,-50.99652385,1938.031387,5637.918166,-0.286214442
-470.2229551,0.01468115,-50.99601087,1932.902699,5644.238851,-0.285712964
-471.187329,0.015390513,-50.99548768,1927.770776,5650.563565,-0.285222488
-472.1523115,0.016097869,-50.99495446,1922.635625,5656.892298,-0.284743706
-473.1179011,0.016803495,-50.99441202,1917.497253,5663.225039,-0.284277264
-474.0840964,0.0175084,-50.99385952,1912.355665,5669.561778,-0.283823762
-475.0508959,0.018211321,-50.9932978,1907.210867,5675.902505,-0.283383749
-476.0182983,0.0189114,-50.99272695,1902.062867,5682.247209,-0.282957731
-476.986302,0.019610107,-50.99214676,1896.911669,5688.59588,-0.282546171
-477.9549058,0.020305703,-50.99155795,1891.757281,5694.948507,-0.282149485
-478.9241081,0.020998739,-50.99096028,1886.599708,5701.30508,-0.281768051
-479.8939076,0.021689008,-50.99035415,1881.438956,5707.665589,-0.281402201
-480.864303,0.022375911,-50.98973968,1876.275032,5714.030023,-0.281052231
-481.8352927,0.023059425,-50.98911707,1871.10794,5720.398372,-0.280718396
-482.8068754,0.023739581,-50.98848659,1865.937689,5726.770626,-0.280400913
-483.7790498,0.024415719,-50.98784802,1860.764282,5733.146775,-0.280099968
-484.7518144,0.025087973,-50.98720212,1855.587727,5739.526808,-0.279815715
-485.7251678,0.025755929,-50.98654875,1850.408029,5745.910715,-0.27954828
-486.6991088,0.026419788,-50.98588792,1845.225194,5752.298486,-0.279297756
-487.6736359,0.027079019,-50.98522047,1840.039228,5758.690111,-0.279064206
-488.6487477,0.02773309,-50.9845462,1834.850137,5765.085581,-0.278847669
-489.6244429,0.028382555,-50.98386479,1829.657928,5771.484884,-0.278648155
-490.6007202,0.029026618,-50.98317747,1824.462605,5777.888012,-0.278465648
-491.5775782,0.029664385,-50.98248398,1819.264175,5784.294954,-0.27830011
-492.5550155,0.030297325,-50.98178439,1814.062644,5790.705701,-0.278151477
-493.5330309,0.030924355,-50.98107902,1808.858018,5797.120243,-0.278019665
-494.5116229,0.031544472,-50.98036813,1803.650302,5803.538569,-0.277904567
-495.4907903,0.032158884,-50.97965161,1798.439504,5809.960672,-0.277806054
-496.4705317,0.032767031,-50.97892992,1793.225629,5816.386541,-0.277723976
-497.4508458,0.033368284,-50.97820354,1788.008683,5822.816166,-0.277658169
-498.4317312,0.033962225,-50.97747274,1782.788672,5829.249539,-0.277608445
-499.4131868,0.034549364,-50.97673625,1777.565603,5835.68665,-0.277574604
-500.395211,0.03512962,-50.97599559,1772.339481,5842.12749,-0.277556427
-501.3778028,0.035701379,-50.97525124,1767.110313,5848.57205,-0.277553683
-502.3609606,0.036265821,-50.97450249,1761.878106,5855.020321,-0.277566128
-503.3446834,0.036822364,-50.97375019,1756.642865,5861.472294,-0.277593503
-504.3289697,0.037370487,-50.97299365,1751.404598,5867.92796,-0.27763554
-505.3138182,0.037910282,-50.97223426,1746.163309,5874.38731,-0.277691959
-506.2992278,0.038442007,-50.97147092,1740.919007,5880.850336,-0.277762468
-507.2851971,0.03896474,-50.97070431,1735.671698,5887.317029,-0.277846757
-508.2717248,0.039478482,-50.96993497,1730.421388,5893.78738,-0.277944501
-509.2588096,0.039983462,-50.96916291,1725.168083,5900.261382,-0.278055366
-510.2464503,0.040478645,-50.96838779,1719.911791,5906.739026,-0.27817901
-511.2346456,0.040964373,-50.96761029,1714.652518,5913.220303,-0.278315083
-512.2233943,0.041440795,-50.96683026,1709.390272,5919.705206,-0.278463234
-513.212695,0.041906805,-50.96604809,1704.125058,5926.193726,-0.27862311
-514.2025465,0.042362983,-50.96526364,1698.856884,5932.685855,-0.278794363
-515.1929476,0.042809036,-50.96447739,1693.585757,5939.181587,-0.278976643
-516.183897,0.04324482,-50.96368865,1688.311684,5945.680911,-0.27916961
-517.1753934,0.043669537,-50.96289892,1683.034672,5952.183822,-0.279372932
-518.1674356,0.044083443,-50.96210679,1677.754727,5958.690311,-0.279586287
-519.1600223,0.044486755,-50.96131341,1672.471857,5965.200371,-0.279809365
-520.1531523,0.044878185,-50.96051906,1667.186069,5971.713994,-0.280041873
-521.1468244,0.04525853,-50.95972283,1661.897371,5978.231173,-0.280283532
-522.1410373,0.045627445,-50.95892588,1656.605769,5984.7519,-0.280534083
-523.1357898,0.045984429,-50.95812745,1651.31127,5991.276168,-0.280793286
-524.1310807,0.046329563,-50.95732823,1646.013882,5997.80397,-0.281060927
-525.1269087,0.046662459,-50.95652815,1640.713613,6004.335298,-0.281336819
-526.1232727,0.046983014,-50.95572757,1635.410468,6010.870146,-0.2816208
-527.1201713,0.047291488,-50.95492676,1630.104457,6017.408506,-0.281912741
-528.1176034,0.047586522,-50.95412377,1624.795586,6023.950372,-0.282212543
-529.1155678,0.047869194,-50.95332148,1619.483861,6030.495736,-0.282520142
-530.1140633,0.048138329,-50.95251908,1614.169292,6037.044591,-0.282835513
-531.1130886,0.048394575,-50.95171629,1608.851885,6043.596931,-0.283158665
-532.1126426,0.048637188,-50.9509131,1603.531647,6050.152749,-0.283489653
-533.1127241,0.04886649,-50.95011028,1598.208585,6056.712038,-0.283828571
-534.1133318,0.049081744,-50.9493076,1592.882708,6063.274791,-0.284175561
-535.1144647,0.049282982,-50.94850519,1587.554022,6069.841002,-0.28453081
-536.1161214,0.049470341,-50.94770352,1582.222535,6076.410663,-0.284894555
-537.1183009,0.049643126,-50.9469019,1576.888254,6082.983769,-0.285267079
-538.121002,0.04980121,-50.94610084,1571.551186,6089.560312,-0.285648722
-539.1242234,0.049944888,-50.94530083,1566.211338,6096.140287,-0.286039873
-540.127964,0.050073618,-50.94450111,1560.868718,6102.723686,-0.286440976
-541.1322227,0.050187255,-50.94370379,1555.523332,6109.310503,-0.286852531
-542.1369982,0.050285983,-50.9429077,1550.175188,6115.900731,-0.287275089
-543.1422895,0.050369217,-50.94211014,1544.824294,6122.494364,-0.287709254
-544.1480954,0.050436924,-50.94131581,1539.470655,6129.091395,-0.288155681
-545.1544147,0.050489264,-50.94052332,1534.114279,6135.691818,-0.288615118
-546.1612462,0.050525283,-50.93973278,1528.755173,6142.295627,-0.289088472
-547.168589,0.050545402,-50.93894228,1523.393343,6148.902814,-0.289576792
-548.1764417,0.050549881,-50.93815484,1518.028797,6155.513373,-0.290081243
-549.1848032,0.050537076,-50.93736968,1512.66154,6162.127298,-0.290603082
-550.1936725,0.050508458,-50.93658669,1507.291581,6168.744582,-0.291143643
-551.2030484,0.050462816,-50.93580649,1501.918925,6175.365219,-0.291704333
-552.2129297,0.05040041,-50.93502856,1496.543579,6181.989202,-0.292286619
-553.2233154,0.050321388,-50.93425384,1491.16555,6188.616525,-0.292892022
-554.2342043,0.050224734,-50.93348156,1485.784843,6195.24718,-0.293522102
-555.2455953,0.050110864,-50.93271279,1480.401465,6201.881162,-0.294178451
-556.2574873,0.049979294,-50.93194714,1475.015422,6208.518463,-0.294862683
-557.2698792,0.049830449,-50.93118488,1469.626721,6215.159077,-0.295576423
-558.2827699,0.049663624,-50.93042622,1464.235366,6221.802998,-0.2963213
-559.2961583,0.049479236,-50.92967157,1458.841364,6228.450217,-0.29709894
-560.3100433,0.049276549,-50.92892135,1453.444721,6235.10073,-0.297910952
-561.3244238,0.049056113,-50.92817507,1448.045443,6241.754528,-0.298758922
-562.3392987,0.048817265,-50.92743408,1442.643534,6248.411605,-0.299644399
-563.354667,0.048560283,-50.92669708,1437.239,6255.071954,-0.300568897
-564.3705276,0.048284461,-50.92596515,1431.831847,6261.735568,-0.301533889
-565.3868793,0.047990306,-50.92523856,1426.422079,6268.40244,-0.302540787
-566.4037212,0.047677885,-50.92451762,1421.009703,6275.072563,-0.303590934
-567.4210522,0.04734637,-50.92380235,1415.594722,6281.74593,-0.304685609
-568.4388712,0.046996667,-50.92309317,1410.177142,6288.422534,-0.305826017
-569.4571771,0.046628359,-50.92239026,1404.756968,6295.102368,-0.307013275
-570.475969,0.046240594,-50.921694,1399.334203,6301.785425,-0.308248425
-571.4952457,0.045834547,-50.92100418,1393.908854,6308.471697,-0.309532435
-572.5150062,0.04540991,-50.92032183,1388.480925,6315.161178,-0.310866186
-573.5352495,0.044966202,-50.9196467,1383.050419,6321.85386,-0.312250475
-574.5559746,0.044503991,-50.91897946,1377.617342,6328.549735,-0.313686018
-575.5771804,0.044023142,-50.91831978,1372.181698,6335.248798,-0.315173443
-576.5988659,0.04352329,-50.91766853,1366.74349,6341.951041,-0.316713294
-577.6210301,0.043004886,-50.917026,1361.302724,6348.656455,-0.318306027
-578.6436719,0.042467617,-50.91639175,1355.859403,6355.365035,-0.319952023
-579.6667904,0.041912106,-50.91576688,1350.413531,6362.076773,-0.32165158
-580.6903846,0.041338256,-50.91515134,1344.965112,6368.791661,-0.323404922
-581.7144534,0.040746133,-50.91454573,1339.51415,6375.509692,-0.3252122
-582.7389958,0.040135162,-50.91394937,1334.060649,6382.230859,-0.327073491
-583.7640109,0.039506521,-50.91336389,1328.604612,6388.955155,-0.328988796
-584.7894977,0.03885977,-50.91278787,1323.146044,6395.682572,-0.33095805
-585.8154552,0.038195372,-50.9122234,1317.684947,6402.413104,-0.332981123
-586.8418824,0.037512961,-50.9116691,1312.221325,6409.146742,-0.335057821
-587.8687784,0.036813083,-50.91112674,1306.755183,6415.883479,-0.337187882
-588.8961421,0.03609546,-50.91059535,1301.286522,6422.623309,-0.339370977
-589.9239727,0.035361206,-50.91007612,1295.815347,6429.366223,-0.341606713
-590.9522691,0.034609158,-50.90956844,1290.34166,6436.112215,-0.343894634
-591.9810304,0.033840577,-50.90907294,1284.865466,6442.861278,-0.346234213
-593.0102557,0.03305519,-50.90858987,1279.386766,6449.613403,-0.348624851
-594.039944,0.032253506,-50.90811944,1273.905566,6456.368584,-0.351065881
-595.0700943,0.031435608,-50.90766211,1268.421866,6463.126813,-0.353556556
-596.1007058,0.030601652,-50.90721747,1262.935672,6469.888084,-0.356096046
-597.1317775,0.029752293,-50.90678587,1257.446985,6476.652389,-0.358683455
-598.1633085,0.028887077,-50.90636786,1251.955809,6483.419722,-0.361317798
-599.1952978,0.028006622,-50.90596332,1246.462147,6490.190074,-0.363997984
-600.2277446,0.027111163,-50.90557243,1240.966002,6496.963439,-0.366722827
-601.2606478,0.026201051,-50.90519572,1235.467377,6503.73981,-0.369491039
-602.2940067,0.025276974,-50.90483336,1229.966276,6510.51918,-0.372301233
-603.3278203,0.02433866,-50.90448479,1224.462701,6517.301542,-0.375151925
-604.3620877,0.023386276,-50.9041504,1218.956656,6524.086889,-0.378041516
-605.396808,0.022420536,-50.90383053,1213.448145,6530.875215,-0.380968298
-606.4319803,0.021441765,-50.90352524,1207.937169,6537.666513,-0.38393046
-607.4676036,0.020450445,-50.90323497,1202.423734,6544.460776,-0.386926065
-608.5036772,0.019446365,-50.90295911,1196.907842,6551.257998,-0.389953075
-609.5402001,0.018430568,-50.90269817,1191.389497,6558.058173,-0.393009346
-610.5771714,0.017402442,-50.90245185,1185.868703,6564.861294,-0.396092632
-611.6145903,0.016363943,-50.90222056,1180.345463,6571.667355,-0.399200588
-612.6524558,0.015313488,-50.90200442,1174.819782,6578.476349,-0.402330765
-613.6907671,0.014252749,-50.90180257,1169.291663,6585.288272,-0.405480629
-614.7295233,0.01318195,-50.90161626,1163.761111,6592.103117,-0.408647578
-615.7687236,0.012101061,-50.90144488,1158.22813,6598.920879,-0.411828941
-616.8083669,0.0110107,-50.90128808,1152.692723,6605.741551,-0.415021978
-617.8484526,0.009910981,-50.90114586,1147.154896,6612.565128,-0.418223905
-618.8889797,0.008802794,-50.90101888,1141.614654,6619.391606,-0.421431902
-619.9299473,0.007686581,-50.90090629,1136.072,6626.220978,-0.424643124
-620.9713545,0.006562326,-50.90080833,1130.526939,6633.053239,-0.427854737
-622.0132006,0.005429721,-50.90072489,1124.979477,6639.888384,-0.431063922
-623.0554847,0.004290467,-50.90065561,1119.429618,6646.726408,-0.434267914
-624.0982058,0.003144457,-50.9006005,1113.877367,6653.567306,-0.437464031
-625.1413631,0.001991405,-50.9005594,1108.322729,6660.411073,-0.440649628
-626.1849558,0.000833521,-50.90053245,1102.765709,6667.257703,-0.443822053
-627.228983,-0.000332796,-50.90051961,1097.206313,6674.107193,-0.446978646
-628.2734438,-0.001501609,-50.90051925,1091.644544,6680.959537,-0.450116755
-629.3183375,-0.002677296,-50.90053305,1086.080409,6687.814731,-0.453233739
-630.3636631,-0.003857161,-50.90055996,1080.513913,6694.672769,-0.456326975
-631.4094198,-0.005041306,-50.90059955,1074.945062,6701.533648,-0.459393861
-632.4556068,-0.00623002,-50.90065235,1069.37386,6708.397363,-0.462431822
-633.5022232,-0.007422466,-50.90071751,1063.800313,6715.26391,-0.465438316
-634.5492682,-0.008617653,-50.90079441,1058.224427,6722.133283,-0.468410828
-635.596741,-0.009816266,-50.90088392,1052.646208,6729.00548,-0.471346877
-636.6446406,-0.011017905,-50.90098476,1047.06566,6735.880495,-0.474244023
-637.6929664,-0.0122219,-50.90109711,1041.482789,6742.758324,-0.477099864
-638.7417175,-0.013427737,-50.90122068,1035.897602,6749.638964,-0.479912035
-639.7908929,-0.014636506,-50.90135538,1030.310104,6756.52241,-0.482678214
-640.8404921,-0.015845227,-50.90150044,1024.7203,6763.408658,-0.48539611
-641.890514,-0.017055642,-50.90165534,1019.128196,6770.297704,-0.488063468
-642.9409579,-0.018267019,-50.90182003,1013.533799,6777.189544,-0.490678072
-643.9918229,-0.019479457,-50.90199468,1007.937114,6784.084175,-0.493237741
-645.0431084,-0.020691761,-50.90217849,1002.338146,6790.981591,-0.495740324
-646.0948133,-0.021904612,-50.90237152,996.7369021,6797.88179,-0.49818371
-647.146937,-0.023117052,-50.90257282,991.1333878,6804.784768,-0.500565817
-648.1994787,-0.024330943,-50.90278338,985.527609,6811.69052,-0.502884599
-649.2524374,-0.025540188,-50.90300032,979.9195717,6818.599044,-0.505138045
-650.3058125,-0.026750275,-50.90322579,974.309282,6825.510334,-0.507324187
-651.3596031,-0.027959409,-50.90345818,968.6967459,6832.424389,-0.509441097
-652.4138084,-0.029166935,-50.90369784,963.0819695,6839.341203,-0.511486905
-653.4684276,-0.030373458,-50.90394416,957.4649591,6846.260774,-0.513459802
-654.5234599,-0.031577127,-50.9041966,951.8457207,6853.183099,-0.515358054
-655.5789045,-0.032780459,-50.9044557,946.2242608,6860.108172,-0.517180014
-656.6347607,-0.033978693,-50.9047193,940.6005856,6867.035992,-0.518924141
-657.6910275,-0.035176091,-50.90498857,934.9747014,6873.966554,-0.520589008
-658.7477043,-0.036370311,-50.90526327,929.3466147,6880.899856,-0.522173317
-659.8047902,-0.037561635,-50.9055421,923.7163318,6887.835894,-0.523675907
-660.8622844,-0.038749682,-50.90582572,918.0838592,6894.774665,-0.525095771
-661.9201862,-0.039934709,-50.90611307,912.4492033,6901.716165,-0.526432055
-662.9784947,-0.041116004,-50.90640428,906.8123706,6908.660391,-0.527684073
-664.0372091,-0.042293466,-50.90669906,901.1733674,6915.60734,-0.528851312
-665.0963288,-0.043467264,-50.90699683,895.5322003,6922.557009,-0.529933434
-666.1558528,-0.044636898,-50.90729729,889.8888757,6929.509394,-0.530930287
-667.2157804,-0.045802492,-50.90760066,884.2433998,6936.464491,-0.531841907
-668.2761108,-0.046963356,-50.90790577,878.5957792,6943.422299,-0.53266852
-669.3368432,-0.048120083,-50.90821331,872.9460199,6950.382812,-0.533410543
-670.3979769,-0.049271703,-50.90852216,867.2941284,6957.346028,-0.534068586
-671.459511,-0.050418815,-50.90883259,861.6401108,6964.311944,-0.534643451
-672.5214448,-0.05156069,-50.90914438,855.9839732,6971.280555,-0.535136128
-673.5837774,-0.052697391,-50.90945699,850.3257216,6978.251859,-0.535547795
-674.6465082,-0.05382849,-50.90977079,844.6653621,6985.225851,-0.535879811
-675.7096363,-0.054954637,-50.91008434,839.0029005,6992.202528,-0.536133714
-676.7731609,-0.056074941,-50.91039871,833.3383426,6999.181886,-0.536311176
-677.8370813,-0.05718981,-50.91071308,827.6716941,7006.163921,-0.536414089
-678.9013966,-0.058298593,-50.91102804,822.0029606,7013.14863,-0.536444523
-679.9661062,-0.059401036,-50.91134152,816.3321477,7020.136007,-0.536404676
-681.0312092,-0.060497611,-50.91165584,810.6592607,7027.126051,-0.536296887
-682.0967049,-0.061587791,-50.91196854,804.9843051,7034.118755,-0.536123621
-683.1625924,-0.062671321,-50.91228078,799.307286,7041.114116,-0.535887446
-684.2288711,-0.063748367,-50.91259206,793.6282085,7048.11213,-0.535591027
-685.29554,-0.064818453,-50.91290254,787.9470777,7055.112792,-0.535237113
-686.3625986,-0.065881701,-50.91321188,782.2638984,7062.116098,-0.534828502
-687.4300459,-0.066937858,-50.9135198,776.5786754,7069.122042,-0.534368026
-688.4978812,-0.067986509,-50.91382604,770.8914133,7076.130622,-0.533858525
-689.5661039,-0.069027538,-50.91413117,765.2021167,7083.141831,-0.533302842
-690.634713,-0.070061207,-50.91443483,759.5107901,7090.155665,-0.532703785
-691.7037078,-0.071086755,-50.91473635,753.8174377,7097.172119,-0.532064116
-692.7730877,-0.072104437,-50.91503631,748.1220637,7104.191189,-0.531386544
-693.8428517,-0.073113873,-50.91533377,742.4246724,7111.212869,-0.530673684
-694.9129992,-0.074114507,-50.91562983,736.7252677,7118.237155,-0.529928049
-695.9835295,-0.075105986,-50.91592373,731.0238535,7125.26404,-0.529152024
-697.0544417,-0.076089661,-50.91621592,725.3204338,7132.293521,-0.528347869
-698.1257352,-0.077064173,-50.91650529,719.6150123,7139.325593,-0.527517704
-699.1974092,-0.078029112,-50.91679281,713.9075927,7146.360249,-0.526663499
-700.269463,-0.078984634,-50.91707776,708.1981787,7153.397485,-0.525787072
-701.3418958,-0.079930007,-50.91736028,702.4867737,7160.437296,-0.52489009
-702.414707,-0.080865648,-50.91764058,696.7733813,7167.479676,-0.52397406
-703.4878958,-0.081791202,-50.91791814,691.058005,7174.524621,-0.523040339
-704.5614614,-0.082706142,-50.91819342,685.3406479,7181.572125,-0.522090149
-705.6354033,-0.083610612,-50.91846534,679.6213135,7188.622183,-0.521124572
-706.7097206,-0.084504265,-50.91873507,673.900005,7195.67479,-0.520144565
-707.7844126,-0.085386475,-50.91900161,668.1767255,7202.72994,-0.519150969
-708.8594788,-0.086257672,-50.91926525,662.4514781,7209.787629,-0.518144532
-709.9349183,-0.087117165,-50.91952593,656.724266,7216.84785,-0.517125923
-711.0107305,-0.087964902,-50.91978421,650.995092,7223.910599,-0.516095737
-712.0869147,-0.08880035,-50.92003842,645.2639591,7230.975871,-0.515054523
-713.1634702,-0.089623806,-50.92028981,639.5308702,7238.043659,-0.514002797
-714.2403963,-0.090434929,-50.92053791,633.795828,7245.113958,-0.512941068
-715.3176923,-0.091233052,-50.92078261,628.0588354,7252.186764,-0.511869857
-716.3953576,-0.092018223,-50.92102399,622.319895,7259.262071,-0.510789695
-717.4733914,-0.09278977,-50.92126161,616.5790095,7266.339872,-0.509701103
-718.5517931,-0.093548541,-50.92149566,610.8361812,7273.420163,-0.508604599
-719.6305621,-0.094293387,-50.92172598,605.0914127,7280.502939,-0.50750071
-720.7096975,-0.09502409,-50.92195286,599.3447064,7287.588192,-0.506389965
-721.7891988,-0.095741465,-50.92217544,593.5960645,7294.675918,-0.505272899
-722.8690653,-0.096444002,-50.92239376,587.8454892,7301.76611,-0.504150053
-723.9492963,-0.09713163,-50.92260811,582.0929827,7308.858764,-0.503021965
-725.0298911,-0.097804777,-50.92281841,576.338547,7315.953872,-0.501889163
-726.110849,-0.098462567,-50.92302412,570.5821842,7323.05143,-0.500752167
-727.1921695,-0.099105113,-50.92322604,564.8238962,7330.151431,-0.499611472
-728.2738518,-0.099732158,-50.92342337,559.0636847,7337.253869,-0.49846754
-729.3558953,-0.100342795,-50.92361576,553.3015518,7344.358738,-0.497320789
-730.4382993,-0.100937589,-50.92380356,547.5374991,7351.466032,-0.496171586
-731.5210631,-0.101515981,-50.92398687,541.7715283,7358.575746,-0.495020233
-732.6041861,-0.102077933,-50.92416519,536.0036413,7365.687872,-0.493866959
-733.6876676,-0.102622557,-50.92433858,530.2338397,7372.802405,-0.492711905
-734.7715069,-0.103150296,-50.92450673,524.4621252,7379.91934,-0.491555113
-735.8557035,-0.103660707,-50.92466984,518.6884996,7387.038669,-0.490396527
-736.9402567,-0.104153053,-50.92482783,512.9129644,7394.160387,-0.489235982
-738.0251658,-0.104627546,-50.92497982,507.1355216,7401.284488,-0.488073194
-739.1104302,-0.105083899,-50.92512658,501.3561728,7408.410967,-0.486907721
-740.1960492,-0.105521735,-50.92526748,495.5749199,7415.539817,-0.485738864
-741.2820222,-0.105940137,-50.9254022,489.7917648,7422.671033,-0.484565667
-742.3683486,-0.106339966,-50.92553145,484.0067095,7429.804609,-0.483386946
-743.4550277,-0.106720019,-50.92565425,478.2197559,7436.94054,-0.482201313
-744.542059,-0.1070807,-50.92577091,472.4309061,7444.07882,-0.481007185
-745.6294417,-0.107421058,-50.92588017,466.6401624,7451.219443,-0.4798028
-746.7171753,-0.107741276,-50.92598339,460.847527,7458.362406,-0.478586248
-747.8052591,-0.108040323,-50.92608019,455.0530022,7465.507701,-0.477355448
-748.8936926,-0.108318722,-50.92616873,449.2565905,7472.655325,-0.476108178
-749.982475,-0.10857563,-50.92625053,443.4582944,7479.805273,-0.474842077
-751.0716059,-0.108810993,-50.92632463,437.6581167,7486.957539,-0.473554658
-752.1610845,-0.109024632,-50.92639143,431.8560601,7494.112119,-0.472243316
-753.2509104,-0.109215474,-50.92644951,426.0521274,7501.269008,-0.470905334
-754.3410828,-0.109383845,-50.92649951,420.2463217,7508.428202,-0.469537884
-755.4316012,-0.109529459,-50.92654117,414.4386462,7515.589697,-0.46813803
-756.5224649,-0.109651583,-50.9265737,408.6291041,7522.753488,-0.466702737
-757.6136735,-0.10974998,-50.92659707,402.8176988,7529.919571,-0.465228875
-758.7052263,-0.109824743,-50.92661149,397.0044339,7537.087943,-0.463713197
-759.7971227,-0.109874919,-50.92661554,391.189313,7544.2586,-0.462152353
-760.8893621,-0.109900663,-50.92661031,385.37234,7551.431538,-0.460542874
-761.981944,-0.109901543,-50.9265939,379.5535189,7558.606753,-0.45888117
-763.0748678,-0.109877533,-50.92656708,373.7328539,7565.784244,-0.457163519
-764.1681329,-0.109827555,-50.92652897,367.9103493,7572.964006,-0.455386066
-765.2617388,-0.109752052,-50.92647969,362.0860096,7580.146036,-0.453544812
-766.3556848,-0.109650355,-50.92641829,356.2598395,7587.330333,-0.451635607
-767.4499704,-0.109521813,-50.92634485,350.4318438,7594.516893,-0.449654157
-768.5445962,-0.109368986,-50.92626085,344.6020401,7601.705736,-0.447553529
-769.6395635,-0.10919491,-50.92616896,338.7704562,7608.8969,-0.445252472
-770.7348723,-0.109000174,-50.92606987,332.9371026,7616.090393,-0.442728432
-771.830522,-0.108784662,-50.92596313,327.1019844,7623.286211,-0.439978576
-772.9265119,-0.108548011,-50.92584797,321.2651063,7630.484353,-0.437000388
-774.0228417,-0.108290212,-50.92572417,315.4264731,7637.684815,-0.433791668
-775.1195106,-0.108010926,-50.92559152,309.5860898,7644.887596,-0.430350555
-776.2165182,-0.107709892,-50.92544914,303.7439611,7652.092692,-0.426675545
-777.3138638,-0.107387399,-50.92529697,297.9000919,7659.300101,-0.422765497
-778.411547,-0.107042605,-50.92513481,292.0544869,7666.509821,-0.418619658
-779.5095672,-0.106676157,-50.92496131,286.207151,7673.721849,-0.414237678
-780.6079238,-0.106288024,-50.92477695,280.3580887,7680.936184,-0.409619625
-781.7066163,-0.105877491,-50.92458056,274.507305,7688.152821,-0.404766007
-782.8056441,-0.105445277,-50.9243723,268.6548041,7695.37176,-0.399677781
-783.9050068,-0.104991397,-50.92415208,262.8005909,7702.592996,-0.394356384
-785.0047037,-0.104515843,-50.92391818,256.9446696,7709.816529,-0.38880375
-786.1047345,-0.104018396,-50.92367086,251.0870447,7717.042355,-0.383022313
-787.2050984,-0.10349995,-50.92341028,245.2277205,7724.270472,-0.377015021
-788.3057951,-0.102960298,-50.92313539,239.366701,7731.500877,-0.370785352
-789.406824,-0.102399835,-50.92284615,233.5039903,7738.733567,-0.364337329
-790.5081846,-0.101818812,-50.92254201,227.639592,7745.968539,-0.357675493
-791.6098764,-0.101217456,-50.92222281,221.77351,7753.205791,-0.350804954
-792.7118989,-0.100596844,-50.92188903,215.9057477,7760.445319,-0.343731365
-793.4771249,-0.100152452,-50.92164598,211.8313273,7765.472399,-0.338684145
